Organization Name,Organization Name URL,Category Groups,Headquarters Location,Description,CB Rank (Organization),Operating Status,Founded Date,Closed Date,Company Type,Investor Type,Investment Stage,Number of Portfolio Organizations,Number of Investments,Number of Lead Investments,Number of Exits,Categories,Number of Founders,Number of Employees,Number of Funding Rounds,Funding Status,Last Funding Date,Last Funding Amount,Last Funding Type,Last Equity Funding Amount,Last Equity Funding Type,Total Equity Funding Amount,Total Funding Amount,Number of Investors,Acquisition Status,IPO Status,IPO Date,Delisted Date,Money Raised at IPO,Valuation at IPO,Number of Events
Reddit,https://www.crunchbase.com/organization/reddit,"Content and Publishing, Internet Services, Media and Entertainment","San Francisco, California, United States","Reddit is an online platform, enabling its users to submit links, create content, and have discussions about the topics of their interest.",13,Active,2005,,For Profit,,,1,1,,,"Content, News, Social Bookmarking, Social Media, Social Network",2,101-250,3,M&A,"Aug 1, 2017","$200,000,000",Series C,"$200,000,000",Series C,"$250,100,000","$250,100,000",23,"Made Acquisitions, Was Acquired",Private,,,,,9
SendGrid,https://www.crunchbase.com/organization/sendgrid,"Data and Analytics, Information Technology, Internet Services, Messaging and Telecommunications, Software","Denver, Colorado, United States","SendGrid is a proven, cloud-based customer communication platform that drives engagement and business growth.",258,Active,"Jul 20, 2009",,For Profit,,,,,,,"Analytics, Business Information Systems, Email, Software",3,251-500,7,IPO,"Nov 15, 2017",,Venture - Series Unknown,,Venture - Series Unknown,"$80,362,000","$80,362,000",14,Made Acquisitions,Public,"Nov 15, 2017",,"$131,000,000","$652,000,000",56
Sunrise,https://www.crunchbase.com/organization/sunrise,"Apps, Events, Information Technology, Internet Services, Media and Entertainment, Messaging and Telecommunications, Mobile, Software","Paris, Ile-de-France, France","Sunrise is a free calendar app specifically designed to make your life easier. Available on Android, iPhone, iPad, Mac & Web.",629,Closed,"Dec 1, 2012","Aug 31, 2016",For Profit,,,,,,,"Apps, Email, Events, Mobile",2,11-50,4,M&A,"Jul 22, 2014","$6,000,000",Series A,"$6,000,000",Series A,"$8,220,410","$8,220,410",27,Was Acquired,Private,,,,,
Simple,https://www.crunchbase.com/organization/banksimple,"Financial Services, Lending and Investments, Software","Portland, Oregon, United States",Simple is a web and mobile application that unifies various accounts into one accessible bank card..,"1,262",Active,2009,,For Profit,,,,,,,"Banking, Enterprise Software, Financial Services, FinTech",3,251-500,4,M&A,"Jun 11, 2013","$2,200,000",Series C,"$2,200,000",Series C,"$15,290,000","$15,290,000",12,Was Acquired,Private,,,,,3
Animoca Brands Corporation,https://www.crunchbase.com/organization/animoca-brands-corporation,"Gaming, Mobile, Software","Hong Kong, Hong Kong Island, Hong Kong","Animoca Brands develops and publishes great mobile games based on globally loved popular brands like Garfield, Doraemon etc.","1,589",Active,2001,,For Profit,,,2,2,1,,"Developer Tools, Gaming, Mobile",1,51-100,4,IPO,"Mar 13, 2017","$5,200,000",Post-IPO Equity,"$5,200,000",Post-IPO Equity,"$17,400,000","$17,400,000",8,Made Acquisitions,Public,"May 11, 2007",,,,
Twilio,https://www.crunchbase.com/organization/twilio,"Information Technology, Internet Services, Messaging and Telecommunications, Software","San Francisco, California, United States","Twilio is a cloud communication company that enables users to use standard web languages to build voice, VoIP, and SMS apps via a web API.","1,704",Active,"Jun 30, 2008",,For Profit,,,3,3,1,,"Enterprise Software, Internet, SMS, VoIP",3,501-1000,10,IPO,"Feb 15, 2018","$27,600,000",Corporate Round,,Undisclosed,"$233,700,000","$261,300,000",26,Made Acquisitions,Public,"Jun 23, 2016",,"$150,000,000","$1,960,000,000",56
Visually,https://www.crunchbase.com/organization/visual-ly,"Internet Services, Media and Entertainment, Sales and Marketing, Software","San Francisco, California, United States",Visually is the content creation platform that enables businesses to connect with their audiences through premium visual content,"2,050",Active,2011,,For Profit,,,,,,,"Brand Marketing, Content, Internet, Presentations",4,11-50,4,M&A,"Mar 5, 2015","$3,300,000",Series A,"$3,300,000",Series A,"$13,400,000","$15,700,000",15,Was Acquired,Private,,,,,1
ZOZI,https://www.crunchbase.com/organization/zozi,"Commerce and Shopping, Software, Travel and Tourism","San Francisco, California, United States","ZOZI designs and develops a web-based bookings, payments, and customer management software for tour, activity, and event businesses.","2,618",Active,2008,,For Profit,,,,,,,"E-Commerce, SaaS, Tourism, Travel",2,51-100,6,M&A,"Jul 1, 2015","$30,000,000",Series C,"$30,000,000",Series C,"$44,300,000","$44,300,000",25,"Made Acquisitions, Was Acquired",Private,,,,,2
SkyGiraffe,https://www.crunchbase.com/organization/skygiraffe,"Information Technology, Mobile, Platforms, Sales and Marketing, Software","San Mateo, California, United States","SkyGiraffe is an enterprise mobility platform that mobilizes back-end data, enabling employees to manage business processes on any device.","3,560",Active,"Dec 1, 2012",,For Profit,,,,,,,"Android, CRM, iOS, Mobile, SaaS",2,11-50,5,M&A,"Aug 24, 2016","$6,000,000",Series A,"$6,000,000",Series A,"$10,500,000","$10,500,000",14,Was Acquired,Private,,,,,3
Rapportive,https://www.crunchbase.com/organization/rapportive,"Information Technology, Internet Services, Messaging and Telecommunications, Software","San Francisco, California, United States",Rapportive is an email add-on that displays social media info about contacts inside the users’ inbox.,"3,872",Active,2010,,For Profit,,,,,,,"Email, Messaging, SaaS",2,1-10,1,M&A,"Aug 2, 2010","$1,000,000",Seed,"$1,000,000",Seed,"$1,000,000","$1,000,000",18,Was Acquired,Private,,,,,
Keen IO,https://www.crunchbase.com/organization/keen,"Data and Analytics, Internet Services, Software","San Francisco, California, United States",Keen IO is a custom analytics back-end for developers. Build and embed analytics for your teams and your customers.,"3,899",Active,"Dec 1, 2011",,For Profit,,,1,1,,,"Analytics, Big Data, Cloud Computing, Developer APIs, Software",3,11-50,5,M&A,"Jun 29, 2016","$14,700,000",Series B,"$14,700,000",Series B,"$29,218,000","$29,218,000",35,Was Acquired,Private,,,,,2
Valor Water Analytics,https://www.crunchbase.com/organization/valor-water-analytics,"Data and Analytics, Natural Resources, Sustainability","San Francisco, California, United States",Valor Water Analytics develops customized financial data and dashboard tools for water utilities and businesses.,"4,131",Active,"Nov 12, 2013",,For Profit,,,,,,,"Analytics, Big Data, Natural Resources",1,1-10,4,M&A,"Jun 11, 2016","$1,600,000",Seed,"$1,600,000",Seed,"$2,840,000","$2,840,000",9,Was Acquired,Private,,,,,2
Viki,https://www.crunchbase.com/organization/viki,"Content and Publishing, Media and Entertainment, Music and Audio, Video","San Francisco, California, United States",Brings global prime-time entertainment to new audiences and unlocks new markets and revenue opportunities for content owners.,"4,389",Active,2010,,For Profit,,,1,1,1,,"Music, TV, Video, Video Streaming",3,51-100,3,M&A,"Jan 1, 2013",,Convertible Note,"$20,000,000",Series B,"$24,300,000","$24,300,000",18,"Made Acquisitions, Was Acquired",Private,,,,,
FabFitFun,https://www.crunchbase.com/organization/fabfitfun,"Commerce and Shopping, Health Care, Media and Entertainment","Los Angeles, California, United States",FabFitFun inspires happiness through discovery. ,"4,717",Active,2010,,For Profit,,,,,,,"Digital Entertainment, Digital Media, E-Commerce, Health Care, Subscription Service",3,51-100,1,M&A,"Oct 13, 2015","$3,500,000",Series A,"$3,500,000",Series A,"$3,500,000","$3,500,000",14,Was Acquired,Private,,,,,
LookSharp (powering InternMatch),https://www.crunchbase.com/organization/internmatch,"Education, Internet Services, Media and Entertainment, Professional Services","San Francisco, California, United States",LookSharp helps every student launch their career,"4,814",Active,"Jun 1, 2009",,,,,,,,,"Career Planning, Education, Employment, Social Media",3,11-50,8,M&A,"Feb 14, 2016","$1,000,000",Convertible Note,"$4,000,000",Series A,"$7,653,503","$10,633,503",9,"Made Acquisitions, Was Acquired",Private,,,,,1
Wildfire,https://www.crunchbase.com/organization/wildfire-interactive,"Advertising, Internet Services, Media and Entertainment, Sales and Marketing, Software","Redwood City, California, United States",Wildfire is a provider of enterprise social media marketing software.,"5,060",Active,2008,,For Profit,,,,,,,"Advertising, Enterprise Software, Social Media",2,251-500,5,M&A,"Dec 1, 2011","$10,000,000",Series B,"$10,000,000",Series B,"$14,100,000","$14,100,000",8,Was Acquired,Private,,,,,1
ToutApp,https://www.crunchbase.com/organization/toutapp,"Information Technology, Internet Services, Messaging and Telecommunications, Sales and Marketing, Software","San Francisco, California, United States",ToutApp helps organizations transform their sales teams into revenue generating machines.,"5,062",Active,"May 1, 2011",,For Profit,,,,,,,"Email, Enterprise Software, Internet, Sales Automation",1,11-50,5,M&A,"Mar 3, 2015","$15,000,000",Series B,"$15,000,000",Series B,"$21,480,000","$21,480,000",17,Was Acquired,Private,,,,,1
Virool,https://www.crunchbase.com/organization/virool,"Advertising, Media and Entertainment, Sales and Marketing, Video","San Francisco, California, United States",Virool is a programmatic video marketing platform.,"5,109",Active,"Mar 1, 2012",,For Profit,,,,,,,"Advertising, Advertising Platforms, Video",2,101-250,5,M&A,"Aug 4, 2016",,Convertible Note,"$12,000,000",Series A,"$18,620,000","$18,620,000",33,Was Acquired,Private,,,,,
Creative Market,https://www.crunchbase.com/organization/creativemarket,"Commerce and Shopping, Design, Internet Services","San Francisco, California, United States","Creative Market is an online platform that allows users to sell and buy handcrafted, mousemade design content such as fonts and graphics.","5,289",Active,2011,,For Profit,,,,,,,"E-Commerce Platforms, Graphic Design",3,11-50,4,M&A,"Oct 11, 2017","$7,000,000",Series A,"$7,000,000",Series A,"$9,330,000","$9,330,000",11,Was Acquired,Private,,,,,2
Medialets,https://www.crunchbase.com/organization/medialets,"Advertising, Mobile, Sales and Marketing","New York, New York, United States","Medialets is a media ad platform enabling businesses to create, deliver and measure mobile and tablet campaigns.","5,300",Active,"Jun 1, 2008",,For Profit,,,,,,,"Ad Server, Advertising, Mobile, Mobile Advertising",3,51-100,5,M&A,"Jan 7, 2014","$5,000,000",Venture - Series Unknown,"$5,000,000",Venture - Series Unknown,"$33,400,000","$33,400,000",5,Was Acquired,Private,,,,,
Venzee,https://www.crunchbase.com/organization/venzee,"Commerce and Shopping, Manufacturing, Transportation","Wilmington, Delaware, United States",Replacing spreadsheets with real-time integration.,"5,422",Active,2014,,For Profit,,,,,,,"E-Commerce, Manufacturing, Supply Chain Management",4,11-50,4,IPO,"Sep 14, 2017","$2,689,238",Post-IPO Equity,"$2,689,238",Post-IPO Equity,"$2,689,238","$3,864,238",4,,Public,"Jan 10, 2003",,,,1
ChangeCoin,https://www.crunchbase.com/organization/changecoin,"Financial Services, Internet Services, Payments, Software","San Francisco, California, United States",ChangeCoin is a micropayment infrastructure for the Internet.,"6,249",Closed,2013,"Nov 18, 2016",For Profit,,,,,,,"Bitcoin, Payments, Web Hosting",1,11-50,2,M&A,"Dec 2, 2014","$3,500,000",Seed,"$3,500,000",Seed,"$4,250,000","$4,250,000",12,Was Acquired,Private,,,,,2
Boatbound,https://www.crunchbase.com/organization/boatbound,"Commerce and Shopping, Sports","San Francisco, California, United States",Boatbound is a fully insured “pier-to-pier” marketplace for boat rentals in the U.S.,"6,261",Active,2012,,For Profit,,,,,,,"Boating, Collaborative Consumption, Marketplace",2,11-50,6,M&A,"Dec 7, 2015","$725,000",Seed,"$725,000",Seed,"$5,035,000","$5,035,000",17,Was Acquired,Private,,,,,1
Farmeron,https://www.crunchbase.com/organization/farmeron,"Agriculture and Farming, Data and Analytics, Food and Beverage, Software","Turlock, California, United States",A cloud-based dairy herd & farm business management software - allowing producers across the world to become the very best.,"6,547",Active,2010,,For Profit,,,,,,,"Agriculture, Analytics, Enterprise Software, Farming, Organic Food, SaaS",2,11-50,5,M&A,"May 23, 2014","$2,650,000",Seed,"$2,650,000",Seed,"$4,274,000","$4,274,000",20,Was Acquired,Private,,,,,1
Clarity,https://www.crunchbase.com/organization/clarity-2,"Commerce and Shopping, Sales and Marketing","San Francisco, California, United States",Clarity provides entrepreneurs with over-the-phone business expertise and mentorships.,"6,805",Active,2012,,For Profit,,,,,,,"Email Marketing, Marketplace, Social Media Marketing",2,11-50,2,M&A,"May 1, 2014","$1,100,000",Venture - Series Unknown,"$1,100,000",Venture - Series Unknown,"$2,700,000","$2,700,000",7,Was Acquired,Private,,,,,
Gyft,https://www.crunchbase.com/organization/gyft,"Commerce and Shopping, Financial Services, Internet Services, Mobile, Payments, Software","Mountain View, California, United States","Gyft is a mobile gift card app that allows customers to buy, store, send and redeem gift cards conveniently from their mobile device.","6,814",Active,"Jan 13, 2012",,For Profit,,,,,,,"Gift Card, Internet, Mobile, Mobile Payments",3,11-50,4,M&A,"Sep 25, 2013","$5,000,000",Series A,"$5,000,000",Series A,"$6,250,000","$6,250,000",12,Was Acquired,Private,,,,,2
Behance,https://www.crunchbase.com/organization/behance,"Information Technology, Internet Services","New York, New York, United States",Behance is an online platform that enables creative professionals to showcase and discover creative work via online portfolios.,"6,988",Active,"Sep 1, 2006",,For Profit,,,,,,,"Business Development, Information Technology, Online Portals",2,51-100,1,M&A,"May 14, 2012","$6,500,000",Series A,"$6,500,000",Series A,"$6,500,000","$6,500,000",9,Was Acquired,Private,,,,,5
AdEspresso,https://www.crunchbase.com/organization/adespresso,"Advertising, Sales and Marketing, Software","San Francisco, California, United States","AdEspresso offers services for advertisers and media agencies to create, analyze, and optimize their Facebook advertisements.","8,229",Active,"Oct 1, 2013",,For Profit,,,,,,,"Advertising, SaaS, Software",3,11-50,4,M&A,"May 6, 2016","$1,400,000",Series A,"$1,400,000",Series A,"$3,200,000","$3,200,000",9,Was Acquired,Private,,,,,1
MakerBot,https://www.crunchbase.com/organization/makerbot,"Consumer Goods, Hardware, Manufacturing, Software","Brooklyn, New York, United States",MakerBot Industries creates open source 3D printers.,"8,341",Active,2009,,For Profit,,,1,1,,,"3D Printing, DIY, Hardware, Open Source, Software",1,501-1000,2,M&A,"Aug 23, 2011","$10,000,000",Venture - Series Unknown,"$10,000,000",Venture - Series Unknown,"$10,000,000","$10,000,000",8,"Made Acquisitions, Was Acquired",Private,,,,,8
Apsalar,https://www.crunchbase.com/organization/apsalar,"Advertising, Apps, Data and Analytics, Information Technology, Mobile, Platforms, Sales and Marketing, Software","San Francisco, California, United States","Apsalar is now part of Singular. Singular’s platform delivers attribution, cost aggregation, creative reporting & workflow automation.","8,440",Active,"May 1, 2010",,For Profit,,,,,,,"Advertising, Analytics, Apps, Data Integration, iOS, Mobile, Software",4,11-50,4,M&A,"Nov 19, 2015","$8,000,000",Series C,"$8,000,000",Series C,"$22,800,000","$22,800,000",9,Was Acquired,Private,,,,,3
Pop Up Archive,https://www.crunchbase.com/organization/pop-up-archive,"Internet Services, Media and Entertainment, Music and Audio, Sales and Marketing","Oakland, California, United States",Pop Up Archive is an online platform of tools for organizing and searching digital spoken words.,"8,923",Active,"Nov 1, 2012",,For Profit,,,,,,,"Audio, Digital Media, Podcast, SEO",2,1-10,5,M&A,"Nov 17, 2016","$200,000",Seed,"$200,000",Seed,"$1,067,600","$1,427,600",4,Was Acquired,Private,,,,,2
TaskRabbit,https://www.crunchbase.com/organization/taskrabbit,"Apps, Commerce and Shopping, Data and Analytics, Internet Services, Mobile, Navigation and Mapping, Software","San Francisco, California, United States","TaskRabbit is an app that allows users to get help with their everyday chores such as cleaning, delivery, moving, and handyman services.","9,093",Active,"Jan 1, 2008",,For Profit,,,,,,,"Apps, E-Commerce, Location Based Services, Mobile",3,51-100,7,M&A,"Aug 1, 2015",,Secondary Market,"$13,000,000",Series C,"$37,675,000","$37,675,000",14,"Made Acquisitions, Was Acquired",Private,,,,,
Lettuce,https://www.crunchbase.com/organization/lettuce,"Commerce and Shopping, Information Technology, Sales and Marketing, Software","Venice, California, United States","Lettuce is an inventory and order management system that enables SMBs to capture, track, and process orders from multiple sales channels.","9,181",Active,2012,,,,,,,,,"E-Commerce, ERP, Management Information Systems, Sales Automation",2,11-50,2,M&A,"Aug 1, 2013","$1,000,000",Seed,"$1,000,000",Seed,"$3,100,000","$3,100,000",14,Was Acquired,Private,,,,,
Geekatoo,https://www.crunchbase.com/organization/geekatoo,"Commerce and Shopping, Hardware, Internet Services","Mountain View, California, United States","Geekatoo offers at-home tech support services such as computer repair, virus removal, camera and printer repair and building websites.","9,271",Active,2010,,For Profit,,,,,,,"Auctions, Hardware, Local, Search Engine",2,11-50,3,M&A,"Jul 30, 2014","$1,700,000",Venture - Series Unknown,"$1,700,000",Venture - Series Unknown,"$2,200,000","$2,200,000",14,Was Acquired,Private,,,,,2
Mattermark,https://www.crunchbase.com/organization/mattermark,"Data and Analytics, Financial Services, Lending and Investments, Software","San Francisco, California, United States",Mattermark is a data platform for venture capital companies to quantify signals of growing and potentially lucrative start-ups.,"9,503",Closed,2012,"Dec 21, 2017",For Profit,,,,,,,"Big Data, Enterprise Software, Venture Capital",3,11-50,5,M&A,"Mar 20, 2016","$7,300,000",Series B,"$7,300,000",Series B,"$17,200,000","$17,200,000",44,Was Acquired,Private,,,,,3
Versus,https://www.crunchbase.com/organization/versus-io,"Artificial Intelligence, Commerce and Shopping, Data and Analytics, Hardware, Science and Engineering, Software","Berlin, Berlin, Germany",VERSUS IO is an online natural language-styled comparison tool for all digital devices and services.,"9,599",Active,2011,,,,,,,,,"Artificial Intelligence, E-Commerce, Hardware, Price Comparison, Software",2,11-50,2,M&A,"May 15, 2013","$2,800,000",Series A,"$2,800,000",Series A,"$3,679,810","$3,679,810",6,Was Acquired,Private,,,,,
FameBit,https://www.crunchbase.com/organization/famebit,"Advertising, Internet Services, Sales and Marketing","Santa Monica, California, United States",Fame Bit is a YouTube marketing platform where brands collaborate with YouTube influencers and create videos.,"9,996",Active,2013,,For Profit,,,,,,,"Advertising, Marketing, Social Network",2,11-50,2,M&A,"Jun 20, 2014","$1,500,000",Seed,"$1,500,000",Seed,"$1,500,000","$1,500,000",6,"Made Acquisitions, Was Acquired",Private,,,,,6
Retailigence,https://www.crunchbase.com/organization/retailigence,"Advertising, Internet Services, Sales and Marketing, Software","Redwood City, California, United States",Retailigence is an online-to-offline marketing platform for driving product sales in-store.,"10,265",Active,2009,,For Profit,,,,,,,"Advertising, Developer APIs, Local, Search Engine",1,11-50,5,M&A,"Mar 5, 2013","$6,300,000",Series B,"$6,300,000",Series B,"$13,000,000","$13,000,000",15,Was Acquired,Private,,,,,1
Manifest,https://www.crunchbase.com/organization/manifestinc,"Advertising, Apps, Commerce and Shopping, Internet Services, Media and Entertainment, Sales and Marketing, Software","San Francisco, California, United States",Manifest is the first automated advertising platform that uses your product feed to show the right product to the right customer.,"10,505",Active,"Jul 1, 2011",,For Profit,,,,,,,"Advertising, Advertising Platforms, Apps, E-Commerce, Personalization, Product Search, Social Media",1,11-50,4,M&A,"Jul 31, 2014",,Seed,,Seed,"$3,000,000","$3,000,000",8,Was Acquired,Private,,,,,
Worklife,https://www.crunchbase.com/organization/worklife,"Apps, Internet Services, Mobile, Software","San Francisco, California, United States","Worklife is a web and mobile app that helps teams run highly productive, engaging meetings.","10,798",Active,2014,,For Profit,,,,,,,"Mobile, Mobile Apps, Online Portals",3,1-10,3,M&A,"Apr 5, 2015","$1,700,000",Seed,"$1,700,000",Seed,"$2,720,000","$2,720,000",18,Was Acquired,Private,,,,,2
Chromatik,https://www.crunchbase.com/organization/chromatik,"Media and Entertainment, Music and Audio","Santa Monica, California, United States","Chromatik builds products for musicians to learn, play, and share the music they love.","10,883",Active,2010,,For Profit,,,,,,,"Audio, Media and Entertainment, Music",1,11-50,2,M&A,"May 8, 2013","$5,700,000",Series A,"$5,700,000",Series A,"$7,700,000","$7,700,000",20,Was Acquired,Private,,,,,
SendHub,https://www.crunchbase.com/organization/sendhub,"Information Technology, Internet Services, Media and Entertainment, Messaging and Telecommunications, Mobile, Music and Audio, Software","Pleasanton, California, United States",SendHub is the Business Phone System for Mobile.,"10,901",Active,"Dec 1, 2011",,For Profit,,,,,,,"Audio, Collaboration, Enterprise Software, Messaging, Mobile, SMS, VoIP",4,11-50,4,M&A,"Nov 19, 2014","$5,000,000",Series B,"$5,000,000",Series B,"$10,000,000","$10,000,000",19,Was Acquired,Private,,,,,1
Roost,https://www.crunchbase.com/organization/roost-6,"Real Estate, Transportation","San Francisco, California, United States",Roost is a solution provider for parking and storage.,"11,041",Active,2013,,For Profit,,,,,,,"Parking, Peer to Peer, Self-Storage",3,1-10,3,M&A,"Jul 1, 2016","$50,000",Seed,"$50,000",Seed,"$1,375,000","$1,375,000",3,Was Acquired,Private,,,,,
Totspot Inc,https://www.crunchbase.com/organization/totspot-2,"Commerce and Shopping, Mobile","San Francisco, California, United States",Totspot is a social mobile marketplace for fashion resale. The platform enables social commerce between mom consumers .,"11,137",Active,2013,,For Profit,,,,,,,"E-Commerce, Mobile",2,1-10,2,M&A,"Feb 3, 2016","$1,500,000",Seed,"$1,500,000",Seed,"$3,300,000","$3,300,000",5,Was Acquired,Private,,,,,3
PredictionIO,https://www.crunchbase.com/organization/prediction-io,"Artificial Intelligence, Data and Analytics, Science and Engineering, Software","Stanford, California, United States",Open source machine learning server,"11,419",Active,2013,,For Profit,,,,,,,"Analytics, Artificial Intelligence, Big Data, Developer Tools, Machine Learning, Open Source",5,1-10,2,M&A,"Jul 17, 2014","$2,500,000",Seed,"$2,500,000",Seed,"$2,650,000","$2,650,000",11,Was Acquired,Private,,,,,1
Forrst,https://www.crunchbase.com/organization/forrst,"Community and Lifestyle, Design, Software","Campbell, California, United States",Forrst is a community where designers and developers can share their work and get feedback.,"11,494",Active,"Jan 25, 2010",,,,,,,,,"Communities, Web Design, Web Development",1,,1,M&A,"Mar 24, 2011","$205,000",Seed,"$205,000",Seed,"$205,000","$205,000",7,Was Acquired,Private,,,,,1
Hall,https://www.crunchbase.com/organization/hall-com,"Information Technology, Internet Services, Messaging and Telecommunications, Mobile, Software","San Francisco, California, United States",Bring your team together with Hall's real-time business messaging platform.,"11,716",Active,2011,,,,,,,,,"Collaboration, Enterprise Software, Messaging, Mobile",3,1-10,3,M&A,"Jul 23, 2013","$5,500,000",Series A,"$5,500,000",Series A,"$6,080,000","$6,080,000",7,Was Acquired,Private,,,,,
Speek,https://www.crunchbase.com/organization/speek,"Mobile, Software","Ashburn, Virginia, United States","Speek enables conference calling by using a unique web link instead of dial-ins, PINs or downloads.","12,039",Active,2012,,,,,,,,,"Mobile, Software",2,11-50,5,M&A,"Mar 3, 2014","$5,100,000",Series A,"$5,100,000",Series A,"$7,950,000","$7,950,000",21,Was Acquired,Private,,,,,
Qualaroo,https://www.crunchbase.com/organization/qualaroo,"Information Technology, Software","San Antonio, Texas, United States","Analytics tells you what people are doing, Qualaroo website surveys tell you why.","12,346",Active,"Jun 1, 2012",,For Profit,,,,,,,"Enterprise Software, Information Technology, Service Industry",2,11-50,2,M&A,"Sep 19, 2014","$2,200,000",Venture - Series Unknown,"$2,200,000",Venture - Series Unknown,"$7,200,000","$7,200,000",5,Was Acquired,Private,,,,,1
Careport Health,https://www.crunchbase.com/organization/careport-health,"Financial Services, Health Care","Boston, Massachusetts, United States",Careport Health is an online booking engine for post-hospital care.,"12,360",Active,2012,,For Profit,,,,,,,"Finance, Health Care",2,11-50,4,M&A,"Jun 1, 2015","$2,200,000",Venture - Series Unknown,"$2,200,000",Venture - Series Unknown,"$3,130,000","$3,130,000",16,Was Acquired,Private,,,,,1
Foodspotting,https://www.crunchbase.com/organization/foodspotting,"Apps, Data and Analytics, Internet Services, Media and Entertainment, Navigation and Mapping, Software, Travel and Tourism","San Francisco, California, United States","Foodspotting is a community-driven dish discovery app that allows individuals to find, share and recommend food dishes.","12,758",Active,"Sep 1, 2009",,,,,,,,,"Apps, Guides, Hospitality, Local, Location Based Services",3,1-10,2,M&A,"Jan 10, 2011","$3,000,000",Series A,"$3,000,000",Series A,"$3,750,000","$3,750,000",11,Was Acquired,Private,,,,,1
Cinepapaya,https://www.crunchbase.com/organization/cinepapaya,"Commerce and Shopping, Events, Media and Entertainment","Lima, Lima, Peru",Online and Mobile Sales of Movie Tickets,"12,776",Active,2012,,For Profit,,,,,,,"E-Commerce, Ticketing",3,11-50,7,M&A,"Oct 20, 2014","$2,000,000",Series A,"$2,000,000",Series A,"$3,043,864","$3,083,786",5,Was Acquired,Private,,,,,
Tech Geek,https://www.crunchbase.com/organization/vidcaster,"Education, Media and Entertainment, Sales and Marketing, Software, Video","San Francisco, California, United States",Tech Geek is a Technology Based Website.,"12,858",Active,"Feb 25, 2018",,For Profit,,,,,,,"Corporate Training, Enterprise Software, Marketing Automation, Video",3,1-10,2,M&A,"Feb 15, 2014","$1,300,000",Series A,"$1,300,000",Series A,"$2,500,000","$2,500,000",3,Was Acquired,Private,,,,,2
Connected,https://www.crunchbase.com/organization/connected,"Internet Services, Media and Entertainment, Software","San Francisco, California, United States",Connected is a web-based contacts manager that unifies the user's contacts across their emails and social media into one interface.,"12,887",Active,2009,,,,,,,,,"Enterprise Software, Social Media, Web Browsers",1,11-50,1,M&A,"Jun 29, 2011","$500,000",Angel,"$500,000",Angel,"$500,000","$500,000",6,Was Acquired,Private,,,,,
Graphicly,https://www.crunchbase.com/organization/graphicly,"Advertising, Content and Publishing, Financial Services, Media and Entertainment, Sales and Marketing","Palo Alto, California, United States","Graphicly offers an online platform that provides work flow integration, self-publishing, digital distribution, conversion and promotion.","12,898",Active,2009,,For Profit,,,,,,,"Advertising, Digital Media, Finance, Publishing",1,11-50,7,M&A,"Sep 4, 2013","$1,300,000",Venture - Series Unknown,"$1,300,000",Venture - Series Unknown,"$7,318,000","$10,024,049",13,"Made Acquisitions, Was Acquired",Private,,,,,
Blink Booking,https://www.crunchbase.com/organization/blink-booking,"Apps, Internet Services, Mobile, Software, Travel and Tourism","Madrid, Madrid, Spain",Blink Booking is an app that helps travellers in Europe book hotels at the last minute by providing a daily selection of four hotels.,"13,046",Active,2012,,For Profit,,,,,,,"Apps, Internet, Mobile, Travel",1,11-50,1,M&A,"Mar 1, 2012","$4,400,000",Seed,"$4,400,000",Seed,"$4,400,000","$4,400,000",11,Was Acquired,Private,,,,,
IMRSV,https://www.crunchbase.com/organization/imrsv,"Data and Analytics, Design, Hardware, Software","New York, New York, United States",A new way to measure the world. Software that turns any webcam into an intelligent sensor.,"13,674",Active,"Dec 30, 2010",,For Profit,,,,,,,"Analytics, Computer Vision, Market Research",1,11-50,7,M&A,"Nov 6, 2012","$998,969",Debt Financing,"$140,000",Seed,"$158,000","$3,016,969",13,Was Acquired,Private,,,,,
Wholeshare,https://www.crunchbase.com/organization/wholeshare,"Food and Beverage, Internet Services, Sustainability","San Francisco, California, United States",Online Marketplace for Sustainable Food / Whole Foods for the 99%,"13,944",Active,2010,,For Profit,,,,,,,"Internet, Organic Food, Sustainability",1,11-50,4,M&A,"Mar 31, 2016","$200,000",Seed,"$200,000",Seed,"$2,000,000","$2,000,000",7,Was Acquired,Private,,,,,
Lexity,https://www.crunchbase.com/organization/lexity,"Commerce and Shopping, Software","Mountain View, California, United States",Lexity is a PaaS-based e-commerce cloud platform providing an own app store for online retailers to manage information with a single click.,"14,788",Active,"Aug 1, 2009",,,,,,,,,"E-Commerce, Enterprise Software, PaaS",1,11-50,2,M&A,"Mar 3, 2011","$4,500,000",Series A,"$4,500,000",Series A,"$5,700,000","$5,700,000",7,Was Acquired,Private,,,,,
LaunchRock,https://www.crunchbase.com/organization/launchrock,"Internet Services, Media and Entertainment, Software","Walnut, California, United States","LaunchRock is an online platform that enables its users to create viral ""Launching Soon"" pages with built in sharing tools and analytics.","14,942",Active,"Jan 28, 2011",,For Profit,,,,,,,"Enterprise Software, SaaS, Social Media",4,51-100,1,M&A,"Nov 8, 2011","$800,000",Seed,"$800,000",Seed,"$800,000","$800,000",8,"Made Acquisitions, Was Acquired",Private,,,,,1
Roost,https://www.crunchbase.com/organization/roost,Sales and Marketing,"San Francisco, California, United States",Roost by VerticalResponse helps local professionals get more business from social media.,"14,943",Active,2007,,For Profit,,,,,,,"Email Marketing, Social Media Marketing",,1-10,4,M&A,"Jul 1, 2015","$1,200,000",Seed,"$1,200,000",Seed,"$15,100,000","$15,100,000",8,Was Acquired,Private,,,,,
"Boxbee, Inc.",https://www.crunchbase.com/organization/boxbee,"Real Estate, Transportation","New York, New York, United States",Our Software Powers Full-Service Storage.,"15,048",Active,2012,,For Profit,,,,,,,"Logistics, Self-Storage, Service Industry",1,1-10,3,M&A,"Dec 16, 2014","$5,000,000",Series A,"$5,000,000",Series A,"$7,300,000","$7,300,000",12,Was Acquired,Private,,,,,
Votizen,https://www.crunchbase.com/organization/votizen,"Government and Military, Internet Services, Media and Entertainment, Privacy and Security","Mountain View, California, United States",Votizen is a consumer technology company that harnesses social networks to create a connected electorate of voters.,"15,085",Active,"Mar 19, 2009",,,,,,,,,"Law Enforcement, Politics, Social Media",3,1-10,2,M&A,"Feb 24, 2012","$750,000",Venture - Series Unknown,"$750,000",Venture - Series Unknown,"$2,250,000","$2,250,000",17,Was Acquired,Private,,,,,
Streem,https://www.crunchbase.com/organization/streem,"Content and Publishing, Information Technology, Internet Services, Media and Entertainment, Software, Video","San Francisco, California, United States","Streem offers unlimited cloud storage for you to store, stream, and share your media.","15,345",Closed,Jun 2012,Jul 2014,For Profit,,,,,,,"Cloud Computing, Cloud Data Services, Video Streaming",2,1-10,1,M&A,"Apr 25, 2014","$875,000",Seed,"$875,000",Seed,"$875,000","$875,000",13,Was Acquired,Private,,,,,
TargetingMantra,https://www.crunchbase.com/organization/targetingmantra,Software,"Mountain View, California, United States",B2B Personalization SaaS Solution,"15,590",Active,2013,,For Profit,,,,,,,"B2B, Enterprise Software, SaaS",2,11-50,1,M&A,"Sep 15, 2014","$1,100,000",Venture - Series Unknown,"$1,100,000",Venture - Series Unknown,"$1,100,000","$1,100,000",3,Was Acquired,Private,,,,,1
Moveline,https://www.crunchbase.com/organization/moveline,"Financial Services, Media and Entertainment","Las Vegas, Nevada, United States",Moveline lets people take a video of their stuff and get guaranteed quotes from top moving companies.,"15,613",Active,"Dec 17, 2011",,For Profit,,,,,,,"Digital Media, Finance",2,11-50,7,M&A,"Nov 6, 2014",,Convertible Note,"$3,000,000",Series A,"$4,750,000","$4,750,000",18,Was Acquired,Private,,,,,
ecomom,https://www.crunchbase.com/organization/ecomom,"Commerce and Shopping, Health Care","Spokane, Washington, United States",Ecomom is an e-commerce platform that distributes eco-friendly and organic products for families.,"15,724",Active,"Aug 1, 2008",,,,,,,,,"E-Commerce, Nutrition, Shopping",3,51-100,4,M&A,"Aug 14, 2012","$4,700,000",Venture - Series Unknown,"$4,700,000",Venture - Series Unknown,"$10,700,000","$10,700,000",49,Was Acquired,Private,,,,,
Hipster,https://www.crunchbase.com/organization/hipster,"Content and Publishing, Media and Entertainment, Mobile, Platforms, Software","San Francisco, California, United States",Hipster is an application enabling users to send photographic postcards to others via iPhone and Android devices.,"15,743",Closed,2011,,For Profit,,,,,,,"Android, Photography, Real Time",2,1-10,1,M&A,"May 16, 2011","$1,000,000",Convertible Note,,,,"$1,000,000",13,Was Acquired,Private,,,,,
POPAPP,https://www.crunchbase.com/organization/popapp,"Apps, Software","Taipei, T'ai-pei, Taiwan",POPAPP is an app that transforms sketches into click-through prototypes.,"15,931",Active,"May 1, 2012",,,,,,,,,"Apps, Software",2,11-50,2,M&A,"Jul 22, 2014","$700,000",Angel,"$700,000",Angel,"$700,000","$700,000",3,Was Acquired,Private,,,,,1
OLSET,https://www.crunchbase.com/organization/olset,"Data and Analytics, Software, Travel and Tourism","San Francisco, California, United States",OLSET is a technology provider offering big data based personalization solutions for the travel and hospitality industry.,"16,081",Active,"Sep 4, 2012",,For Profit,,,,,,,"Big Data, Personalization, Software, Travel",2,1-10,4,M&A,"May 16, 2014","$600,000",Seed,"$600,000",Seed,"$1,715,000","$1,715,000",21,Was Acquired,Private,,,,,1
HeartThis,https://www.crunchbase.com/organization/heartthis,"Commerce and Shopping, Community and Lifestyle","San Francisco, California, United States",All your favorite stores in one place,"16,098",Active,"Jun 1, 2013",,For Profit,,,,,,,"E-Commerce, Lifestyle, Shopping",3,1-10,1,M&A,"Aug 21, 2013","$2,000,000",Seed,"$2,000,000",Seed,"$2,000,000","$2,000,000",7,Was Acquired,Private,,,,,
ShareRoot,https://www.crunchbase.com/organization/shareroot,"Advertising, Content and Publishing, Data and Analytics, Media and Entertainment, Sales and Marketing, Software","Berkeley, California, United States","SaaS platform to help brands grow authentic, unparalleled connections through visual content marketing","16,322",Active,"Feb 13, 2013",,For Profit,,,,,,,"Advertising, Analytics, Content, Content Discovery, Enterprise Software, SaaS, Social Bookmarking",2,11-50,4,IPO,"Jul 4, 2017","$1,000,000",Post-IPO Equity,"$1,000,000",Post-IPO Equity,"$5,900,000","$5,900,000",5,Made Acquisitions,Public,"Jan 10, 2003",,,,1
Mygola,https://www.crunchbase.com/organization/mygola,"Apps, Mobile, Software, Travel and Tourism","Chevy Chase, Maryland, United States",Mygola is a platform enabling travelers to discover customizable and bookable travel itineraries.,"16,499",Active,"Oct 2, 2009",,,,,,,,,"Mobile Apps, Service Industry, Travel",1,51-100,3,M&A,"Oct 17, 2013","$1,500,000",Series A,"$1,500,000",Series A,"$2,500,000","$2,658,000",3,Was Acquired,Private,,,,,
Encore Alert,https://www.crunchbase.com/organization/encore,"Data and Analytics, Internet Services, Sales and Marketing","Arlington, Virginia, United States",The first automated data scientist for marketers and PR,"16,779",Active,2011,,For Profit,,,,,,,"Analytics, Internet, Marketing",3,1-10,4,M&A,"Jul 31, 2015","$125,000",Seed,"$125,000",Seed,"$940,000","$940,000",11,Was Acquired,Private,,,,,1
Pantry,https://www.crunchbase.com/organization/pantry,"Commerce and Shopping, Hardware, Software","San Francisco, California, United States","Pantry provides instant access to fresh food through a network of swipe, grab and go kiosks. Always fresh. Always open.","16,918",Active,2012,,For Profit,,,,,,,"Hardware, Retail Technology, Software",3,11-50,2,M&A,"Oct 7, 2015","$1,000,000",Seed,"$1,000,000",Seed,"$2,300,000","$2,300,000",10,Was Acquired,Private,,,,,1
Zencoder,https://www.crunchbase.com/organization/zencoder,"Information Technology, Internet Services, Media and Entertainment, Music and Audio, Privacy and Security, Software, Video","San Francisco, California, United States","Zencoder is web-based video encoding SaaS, designed to convert any video into web and mobile-compatible formats in real-time.","17,113",Active,2007,,,,,1,1,,,"Audio, Cloud Computing, Cyber Security, SaaS, Video, Web Development",3,11-50,2,M&A,"Apr 12, 2011","$2,000,000",Series A,"$2,000,000",Series A,"$2,000,000","$2,000,000",16,Was Acquired,Private,,,,,
Lagoa,https://www.crunchbase.com/organization/lagoa,"Hardware, Software","Montréal, Quebec, Canada","Lagoa is a cloud platform enabling 3D visualization of content for the engineering, architecture, media and entertainment sectors.","17,312",Active,"Jan 16, 2012",,,,,,,,,"3D Technology, Enterprise Software",3,11-50,3,M&A,"Feb 4, 2014","CA$1,600,000",Seed,"CA$1,600,000",Seed,"$8,343,761","$8,343,761",6,"Made Acquisitions, Was Acquired",Private,,,,,
WillCall,https://www.crunchbase.com/organization/willcall,"Events, Media and Entertainment, Mobile","San Francisco, California, United States",WillCall is a music discovery and ticketing application that allows users to reserve and book tickets for music events held in U.S. cities.,"17,371",Active,"Jun 1, 2010",,,,,,,,,"Events, Mobile, Ticketing",4,1-10,3,M&A,"Aug 7, 2013","$1,200,000",Seed,"$1,200,000",Seed,"$2,100,000","$2,100,000",17,Was Acquired,Private,,,,,2
TouristEye,https://www.crunchbase.com/organization/tourist-eye,"Media and Entertainment, Travel and Tourism","Madrid, Madrid, Spain",TouristEye is a mobile application that enables users to collect destinations and activities to plan their trips and weekend getaways.,"17,599",Active,"Feb 1, 2010",,For Profit,,,,,,,"Guides, Tourism, Travel",2,1-10,3,M&A,"Nov 6, 2012","$300,000",Seed,"$300,000",Seed,"$475,000","$475,000",7,Was Acquired,Private,,,,,1
Reesio,https://www.crunchbase.com/organization/reesio,"Financial Services, Internet Services, Real Estate","San Francisco, California, United States",Reesio is an online real estate transaction management solution providing up-to-the-minute residential property data.,"17,889",Active,"Jan 20, 2012",,For Profit,,,,,,,"Finance, Internet, Real Estate",4,1-10,4,M&A,"Jul 16, 2015","$207,500",Seed,"$207,500",Seed,"$1,583,500","$1,583,500",6,Was Acquired,Private,,,,,1
Payvment,https://www.crunchbase.com/organization/payvment,"Apps, Commerce and Shopping, Software","Palo Alto, California, United States",Payvment is an e-commerce site designed for Facebook offering brands and merchants a complete suite of social discovery and commerce tools.,"18,142",Active,"Aug 1, 2009",,,,,,,,,"Apps, Developer APIs, E-Commerce",2,11-50,3,M&A,"Nov 30, 2010","$6,000,000",Series B,"$6,000,000",Series B,"$7,750,000","$7,750,000",3,Was Acquired,Private,,,,,
Snapette,https://www.crunchbase.com/organization/snapette,"Clothing and Apparel, Commerce and Shopping, Data and Analytics, Design, Internet Services, Media and Entertainment, Mobile, Navigation and Mapping","New York, New York, United States",Snapette is a mobile shopping application for finding and sharing fashion products available in neighborhood stores.,"18,612",Active,2011,,,,,,,,,"Fashion, Location Based Services, Mobile, Shopping, Social Media",2,51-100,1,M&A,"Oct 12, 2011","$1,500,000",Seed,"$1,500,000",Seed,"$1,500,000","$1,500,000",2,Was Acquired,Private,,,,,1
Reclip.It,https://www.crunchbase.com/organization/reclip-it,Commerce and Shopping,"Mountain View, California, United States",Reclip.It is a social discovery site helping users save money by matching list items with digital coupons and weekly ads from retail stores.,"18,655",Active,"Jan 1, 2012",,,,,,,,,"Consumer Reviews, Coupons, Social",2,1-10,2,M&A,"Jun 1, 2012","$70,000",Seed,"$70,000",Seed,"$840,000","$840,000",5,Was Acquired,Private,,,,,1
ReadyForZero,https://www.crunchbase.com/organization/readyforzero,Financial Services,"Los Angeles, California, United States",ReadyForZero creates online financial software for actively managing personal debt and credit.,"19,000",Active,"May 1, 2010",,For Profit,,,,,,,"Finance, FinTech",2,11-50,3,M&A,"Jun 1, 2011","$4,500,000",Series A,"$4,500,000",Series A,"$4,777,000","$4,777,000",8,Was Acquired,Private,,,,,
CudaSign,https://www.crunchbase.com/organization/signnow,"Consumer Electronics, Hardware, Information Technology, Internet Services, Messaging and Telecommunications, Software","Newport Beach, California, United States",CudaSign offers an electronic signature solution that easily and safely accelerate businesses.,"19,008",Active,"Feb 1, 2010",,For Profit,,,,,,,"Document Management, Electronics, Email",1,11-50,2,M&A,"Mar 6, 2012","$2,000,000",Venture - Series Unknown,"$2,000,000",Venture - Series Unknown,"$2,500,000","$2,500,000",5,Was Acquired,Private,,,,,
Ubooly,https://www.crunchbase.com/organization/ubooly,"Consumer Goods, Education, Financial Services, Mobile, Platforms, Software","Boulder, Colorado, United States","Ubooly offers an interactive, educational soft toy for children that can be controlled through iOS devices.","19,072",Active,"Mar 1, 2012",,For Profit,,,,,,,"Education, Finance, iOS, Mobile, Toys",3,11-50,3,M&A,"Jun 30, 2014","$120,000",Seed,"$120,000",Seed,"$2,620,000","$2,720,000",13,Was Acquired,Private,,,,,
userfox,https://www.crunchbase.com/organization/userfox,"Advertising, Information Technology, Internet Services, Messaging and Telecommunications, Sales and Marketing, Software","San Francisco, California, United States",Userfox is a SaaS-based product that enables companies to design personalized trigger-based emails.,"19,318",Active,"Jun 1, 2011",,,,,,,,,"Advertising, Email, Email Marketing, SaaS",2,1-10,1,M&A,"Jan 1, 2012","$700,000",Angel,"$700,000",Angel,"$700,000","$700,000",3,Was Acquired,Private,,,,,
SupplyHog,https://www.crunchbase.com/organization/supplyhog,"Commerce and Shopping, Internet Services, Real Estate, Software","Chattanooga, Tennessee, United States",SupplyHog is an online platform for contractors to buy building supplies and materials with personalized pricing and free shipping.,"19,912",Active,2011,,For Profit,,,,,,,"Construction, E-Commerce Platforms, SaaS",2,1-10,4,M&A,"Jun 7, 2013","$2,500,000",Seed,"$2,500,000",Seed,"$2,975,000","$2,975,000",9,Was Acquired,Private,,,,,2
FanBread,https://www.crunchbase.com/organization/fanbread,"Advertising, Content and Publishing, Internet Services, Media and Entertainment, Mobile, Sales and Marketing, Video","Santa Monica, California, United States",FanBread's tech helps people and companies build brands and pursue new creative opportunities.,"19,939",Active,"Apr 1, 2014",,For Profit,,,,,,,"Content Discovery, Mobile, Mobile Advertising, Social Media, Video",1,11-50,2,M&A,"May 1, 2015","$1,605,000",Seed,"$1,605,000",Seed,"$1,605,000","$2,405,000",10,Was Acquired,Private,,,,,
BackType,https://www.crunchbase.com/organization/backtype,"Advertising, Media and Entertainment, Sales and Marketing","San Francisco, California, United States",BackType is a marketing intelligence platform that helps brands and agencies understand the business impact of social media.,"20,866",Active,2008,,,,,,,,,"Advertising, Digital Media, Marketing",2,1-10,4,M&A,"Feb 13, 2014",,Venture - Series Unknown,,Venture - Series Unknown,"$1,315,000","$1,315,000",10,Was Acquired,Private,,,,,
Keen Systems,https://www.crunchbase.com/organization/keen-systems,"Commerce and Shopping, Content and Publishing, Hardware, Information Technology, Internet Services, Media and Entertainment, Sales and Marketing, Software","San Mateo, California, United States",Keen Systems is a cloud-based platform that allows companies to build and deploy an e-commerce driven web presence.,"21,299",Active,2008,,For Profit,,,,,,,"Cloud Infrastructure, CRM, E-Commerce, Enterprise Software, Printing, SaaS",1,11-50,6,M&A,"Mar 21, 2016","$4,122,848",Debt Financing,"$1,625,000",Series A,"$3,350,000","$7,472,848",5,Was Acquired,Private,,,,,
Pict,https://www.crunchbase.com/organization/pict,"Commerce and Shopping, Content and Publishing, Data and Analytics, Media and Entertainment, Software","San Francisco, California, United States","PICT builds a “shoppable photo” technology platform, enabling them to turn a normal photo into a content-rich, e-commerce-enabled photo.","21,826",Active,"Feb 3, 2012",,,,,,,,,"E-Commerce, File Sharing, Image Recognition, Photography",3,1-10,2,M&A,"Apr 26, 2013","$1,400,000",Seed,"$1,400,000",Seed,"$1,400,000","$1,400,000",9,Was Acquired,Private,,,,,
Jott,https://www.crunchbase.com/organization/jott,"Information Technology, Internet Services, Media and Entertainment, Messaging and Telecommunications, Video","Seattle, Washington, United States",Jott offers a novel service that enables users to speak messages that can be sent to as transcribed emails or voice messages.,"22,147",Active,"Apr 1, 2006",,For Profit,,,,,,,"Messaging, Service Industry, Video",4,,3,M&A,"Jun 9, 2015","$1,200,000",Seed,"$1,200,000",Seed,"$7,600,000","$7,600,000",9,Was Acquired,Private,,,,,
FeeFighters,https://www.crunchbase.com/organization/transparent-financial-services,"Commerce and Shopping, Financial Services, Lending and Investments, Payments, Professional Services","Chicago, Illinois, United States",FeeFighters enable users to compare credit card processing services.,"22,461",Active,2009,,,,,,,,,"Accounting, Credit Cards, E-Commerce, Financial Services, Payments, Price Comparison",2,1-10,4,M&A,"Jan 12, 2011","$1,000,000",Angel,"$1,000,000",Angel,"$1,525,000","$1,835,000",6,Was Acquired,Private,,,,,
Koemei,https://www.crunchbase.com/organization/koemei,"Data and Analytics, Internet Services, Media and Entertainment, Software, Video","San Francisco, California, United States","Koemei is a 500Startups backed company that builds video search-as-a-service for website and apps, accessible through API and embed codes.","23,026",Active,"Dec 20, 2012",,For Profit,,,,,,,"Enterprise Software, SaaS, Search Engine, Speech Recognition, Video",3,1-10,2,M&A,"Dec 1, 2013","$435,000",Convertible Note,"$900,000",Angel,"$900,000","$1,335,000",4,Was Acquired,Private,,,,,2
Pick1,https://www.crunchbase.com/organization/pick1,"Data and Analytics, Design, Sales and Marketing","San Francisco, California, United States",Pick1 offers a survey and marketing intelligence suite to deliver actionable data for businesses.,"23,046",Active,2010,,,,,,,,,"Big Data, Market Research, Social Media Marketing",3,11-50,4,M&A,"May 22, 2014","$900,000",Undisclosed,"$900,000",Undisclosed,"$1,940,000","$1,940,000",7,Was Acquired,Private,,,,,3
Brainient,https://www.crunchbase.com/organization/brainient,"Advertising, Media and Entertainment, Mobile, Sales and Marketing, Video","Bucharest, Bucuresti, Romania","Brainient give clients the tools to create rich, engaging and interactive video formats which can be delivered across a range of devices.","23,317",Active,2009,,,,,,,,,"Advertising, Mobile, Video",1,11-50,3,M&A,"Jan 15, 2012","$1,800,000",Series A,"$1,800,000",Series A,"$2,650,000","$2,650,000",10,Was Acquired,Private,,,,,
Lightbox,https://www.crunchbase.com/organization/lightbox,"Content and Publishing, Media and Entertainment, Mobile, Platforms, Software","London, England, United Kingdom","Lightbox develops consumer mobile apps such as Lightbox photos, an app that provides photo cloud-hosting solutions.","23,372",Active,"Nov 1, 2010",,,,,1,1,,,"Android, Mobile, Photo Sharing",4,1-10,1,M&A,"Feb 1, 2011","$1,200,000",Seed,"$1,200,000",Seed,"$1,200,000","$1,200,000",11,Was Acquired,Private,,,,,
Adphorus,https://www.crunchbase.com/organization/adphorus,"Advertising, Sales and Marketing, Software","Beyoglu, Istanbul, Turkey",Give wings to your travel ads on Facebook & Instagram.,"23,480",Active,2013,,For Profit,,,,,,,"Advertising, Software",1,11-50,1,M&A,"Jul 21, 2015","$1,000,000",Seed,"$1,000,000",Seed,"$1,000,000","$1,000,000",1,Was Acquired,Private,,,,,
Divshot,https://www.crunchbase.com/organization/divshot,Internet Services,"Santa Monica, California, United States",Divshot is an HTML5 web hosting platform tailored for performance and developer productivity.,"23,613",Closed,"Apr 15, 2012","Dec 14, 2015",For Profit,,,,,,,Web Hosting,2,1-10,2,M&A,"Mar 19, 2013","$1,100,000",Seed,"$1,100,000",Seed,"$1,180,000","$1,180,000",10,Was Acquired,Private,,,,,
Humanoid,https://www.crunchbase.com/organization/humanoid,"Content and Publishing, Data and Analytics, Internet Services, Media and Entertainment, Music and Audio, Sales and Marketing, Software, Video","San Francisco, California, United States",Humanoid is a software company providing solutions for computer programmers to utilize human intelligence in software applications.,"23,675",Active,"Oct 1, 2008",,,,,,,,,"Audio, Developer APIs, SEO, Social Media, Software, Speech Recognition, Video, Video Streaming, Web Development",4,11-50,3,M&A,"Sep 6, 2015",,Private Equity,,Private Equity,"$1,100,000","$1,100,000",20,Was Acquired,Private,,,,,
DropSuite,https://www.crunchbase.com/organization/dropsuite,"Internet Services, Software","Singapore, Central Region, Singapore","Dropsuite is a software platform that enables small and medium enterprises to easily backup, recover and protect their digital assets.","23,782",Active,"Jan 5, 2012",,For Profit,,,,,,,"Cloud Computing, Enterprise Software, Web Hosting",4,11-50,2,IPO,"Dec 15, 2015","$5,000,000",Series B,"$5,000,000",Series B,"$5,000,000","$5,000,000",2,Made Acquisitions,Public,"Dec 29, 2016",,"$5,000,000",,3
Flowtown,https://www.crunchbase.com/organization/flowtown,"Consumer Electronics, Data and Analytics, Hardware, Sales and Marketing","San Francisco, California, United States",Flowtown is a social media marketing platform that helps businesses communicate with their customers.,"24,382",Active,"Feb 1, 2009",,,,,,,,,"Analytics, Computer, Social Media Marketing",3,11-50,1,M&A,"Aug 25, 2010","$750,000",Seed,"$750,000",Seed,"$750,000","$750,000",9,Was Acquired,Private,,,,,
oneforty,https://www.crunchbase.com/organization/oneforty,"Apps, Financial Services, Internet Services, Software","Cambridge, Massachusetts, United States",oneforty is a social business hub that provides buyers with guide for businesses.,"24,665",Active,"Mar 31, 2009",,For Profit,,,,,,,"Apps, Enterprise Software, Finance, Internet",1,1-10,4,M&A,"Jan 11, 2010","$1,980,000",Series A,"$1,980,000",Series A,"$2,345,000","$2,345,000",20,Was Acquired,Private,,,,,
Chalkable,https://www.crunchbase.com/organization/chalkable,"Education, Software","New York, New York, United States",Chalkable is an app store and platform enabling schools to provide a better learning experience.,"24,811",Active,"Apr 1, 2010",,,,,,,,,"Charter Schools, Education, Software",3,1-10,1,M&A,"Sep 4, 2012","$1,300,000",Seed,"$1,300,000",Seed,"$1,300,000","$1,300,000",3,Was Acquired,Private,,,,,1
AbbeyPost,https://www.crunchbase.com/organization/abbeypost,"Clothing and Apparel, Commerce and Shopping, Design","San Mateo, California, United States",Software-driven custom apparel that fits every woman's shape and size.,"25,390",Active,Aug 2012,,For Profit,,,,,,,"E-Commerce, Fashion",2,1-10,5,M&A,"Jul 11, 2014","$425,000",Seed,"$425,000",Seed,"$775,000","$875,000",3,Was Acquired,Private,,,,,2
Binpress,https://www.crunchbase.com/organization/binpress,"Commerce and Shopping, Mobile, Software","Mountain View, California, United States",Binpress is a marketplace for commercial open-source projects.,"25,570",Active,"Aug 7, 2010",,,,,,,,,"Commercial, Marketplace, Mobile, Open Source",2,1-10,1,M&A,"Sep 30, 2013","$1,000,000",Seed,"$1,000,000",Seed,"$1,000,000","$1,000,000",12,Was Acquired,Private,,,,,1
HealthyOut,https://www.crunchbase.com/organization/healthyout,"Health Care, Internet Services","New York, New York, United States",HealthyOut is a mobile app that enables users to discover healthy restaurant dishes and have them delivered to their home or office.,"25,583",Active,2012,,For Profit,,,,,,,"Health Care, Internet, Nutrition, Personal Health",3,1-10,1,M&A,"Jan 14, 2013","$1,200,000",Seed,"$1,200,000",Seed,"$1,200,000","$1,200,000",4,Was Acquired,Private,,,,,1
COLOURlovers,https://www.crunchbase.com/organization/colourlovers,"Commerce and Shopping, Media and Entertainment","Portland, Oregon, United States","COLOURlovers is a creative community enabling users to discuss trends, explore articles and share user-generated colors, palettes, patterns.","25,919",Active,"Dec 1, 2005",,,,,,,,,"Art, Handmade, Retail",3,11-50,3,M&A,"Mar 20, 2012","$1,000,000",Seed,"$1,000,000",Seed,"$2,000,000","$2,000,000",8,"Made Acquisitions, Was Acquired",Private,,,,,
Lumific,https://www.crunchbase.com/organization/lumific,"Artificial Intelligence, Content and Publishing, Data and Analytics, Hardware, Internet Services, Media and Entertainment, Software","San Francisco, California, United States",Lumific is a photo editing and photo curation software.,"26,029",Active,"Aug 1, 2013",,For Profit,,,,,,,"Computer Vision, Image Recognition, Internet, Machine Learning, Photo Editing, Photo Sharing, Photography, Semantic Search",2,11-50,3,M&A,"Jul 1, 2014","$200,000",Seed,"$200,000",Seed,"$350,000","$350,000",6,Was Acquired,Private,,,,,1
LaunchBit,https://www.crunchbase.com/organization/launchbit,"Advertising, Sales and Marketing","Mountain View, California, United States",LaunchBit is an advertising platform for B2B professionals to target audiences via email newsletters and niche blogs.,"26,176",Active,2011,,For Profit,,,,,,,"Ad Exchange, Ad Network, Advertising, Advertising Platforms, Email Marketing",2,1-10,2,M&A,"Aug 6, 2012","$960,000",Seed,"$960,000",Seed,"$960,000","$960,000",10,Was Acquired,Private,,,,,1
Vessel,https://www.crunchbase.com/organization/vessel,"Apps, Data and Analytics, Information Technology, Mobile, Software","San Francisco, California, United States",Vessel is a WYSIWIG platform that enables product managers and marketers to build and launch experiments in real time.,"26,405",Active,2012,,For Profit,,,,,,,"A/B Testing, Analytics, Information Technology, Mobile Apps",2,1-10,3,M&A,"Aug 1, 2014",,Seed,,Seed,"$100,000","$100,000",6,Was Acquired,Private,,,,,2
Disruption Corporation,https://www.crunchbase.com/organization/disruption-corporation-2,"Data and Analytics, Financial Services, Lending and Investments","Arlington, Virginia, United States",Disruption Corp a new kind of Asset Management & Financial Services Firm For The Private Market.,"26,601",Active,2013,,For Profit,,,,,,,"Big Data, Business Intelligence, Finance, Financial Services, FinTech, Venture Capital",1,11-50,3,M&A,"Nov 12, 2014","$740,725",Venture - Series Unknown,"$740,725",Venture - Series Unknown,"$2,990,725","$2,990,725",9,Was Acquired,Private,,,,,2
OtherInbox,https://www.crunchbase.com/organization/otherinbox,"Commerce and Shopping, Information Technology, Internet Services, Messaging and Telecommunications","Austin, Texas, United States",OtherInbox is a company that builds technology to automatically organize emails enabling users to focus on messages based on their priority.,"27,709",Active,2008,,,,,,,,,"Email, Messaging, Shopping, Spam Filtering",2,11-50,4,M&A,"Sep 20, 2010","$1,500,000",Series A,"$1,500,000",Series A,"$3,800,000","$3,800,000",18,Was Acquired,Private,,,,,2
BrightNest,https://www.crunchbase.com/organization/brightnest,"Hardware, Internet Services, Real Estate, Software","Denver, Colorado, United States",BrightNest provides homeowners with tips and tools to shape up their homes.,"28,692",Active,2010,,For Profit,,,,,,,"Hardware, Home and Garden, Online Portals, Real Estate, Software",2,11-50,2,M&A,"Nov 1, 2011","$950,000",Seed,"$950,000",Seed,"$950,000","$1,285,000",5,Was Acquired,Private,,,,,1
Tiny Post,https://www.crunchbase.com/organization/tiny-review,"Data and Analytics, Internet Services, Media and Entertainment, Mobile, Navigation and Mapping","Palo Alto, California, United States","Tiny Post allows users to easily add text to images, link them to certain locations, and share them on various social networks.","29,966",Active,"Aug 20, 2011",,,,,,,,,"Guides, Location Based Services, Mobile",2,1-10,2,M&A,"Feb 1, 2012","$300,000",Angel,"$300,000",Angel,"$300,000","$300,000",1,Was Acquired,Private,,,,,1
Populr,https://www.crunchbase.com/organization/populr,"Data and Analytics, Information Technology, Internet Services, Messaging and Telecommunications","Nashville, Tennessee, United States",Populr is a communication tool that enables users to create and share one-page websites via a drag and drop interface.,"30,322",Active,"Aug 30, 2011",,For Profit,,,,,,,"Analytics, Internet, Messaging",3,1-10,5,M&A,"Apr 9, 2014","$75,000",Seed,"$75,000",Seed,"$975,000","$975,000",4,Was Acquired,Private,,,,,1
HUBBA,https://www.crunchbase.com/organization/hubba-2,Real Estate,"Bangkok, Krung Thep, Thailand",HUBBA is a platform and community for global creators,"30,466",Active,"Jun 1, 2012",,For Profit,,,,,,,"Commercial Real Estate, Coworking",2,11-50,1,M&A,"Oct 21, 2015","$350,000",Seed,"$350,000",Seed,"$350,000","$350,000",3,Was Acquired,Private,,,,,1
Activate by Bloglovin,https://www.crunchbase.com/organization/sverve,"Advertising, Internet Services, Media and Entertainment, Sales and Marketing","New York, New York, United States",Activate by Bloglovin (formerly Sverve) is an online advertising platform connecting social media influences.,"31,711",Active,"Mar 15, 2012",,For Profit,,,,,,,"Advertising, Advertising Platforms, Social Media",2,11-50,4,M&A,"Aug 31, 2014","$500,000",Seed,"$500,000",Seed,"$1,465,000","$1,465,000",5,Was Acquired,Private,,,,,1
Tappy PTE. LTD.,https://www.crunchbase.com/organization/tappy-pte--ltd-,"Community and Lifestyle, Data and Analytics, Internet Services, Mobile, Navigation and Mapping","Ho Chi Minh City, NA - Vietnam, Vietnam",Hyperlocal social app that transforms any location into a virtual online community,"32,840",Active,"Feb 15, 2014",,For Profit,,,,,,,"Lifestyle, Location Based Services, Mobile",3,11-50,1,M&A,"Aug 28, 2014","$200,000",Seed,"$200,000",Seed,"$200,000","$200,000",2,Was Acquired,Private,,,,,
Republic Project,https://www.crunchbase.com/organization/republic-project,"Advertising, Sales and Marketing","Santa Monica, California, United States","Republic Project offers a cloud-based ad platform that makes it easy to scale campaigns, meet demand, and optimize performance in real time.","34,471",Active,"Aug 1, 2008",,For Profit,,,,,,,"Ad Server, Advertising",2,11-50,1,M&A,"Sep 1, 2012","$1,000,000",Series A,"$1,000,000",Series A,"$1,000,000","$1,000,000",7,Was Acquired,Private,,,,,
Social Media Broadcasts (SMB) Limited,https://www.crunchbase.com/organization/social-media-broadcasts-smb-limited,"Data and Analytics, Internet Services, Sales and Marketing","Hong Kong, Hong Kong Island, Hong Kong",Social Big Data Analytics SaaS Solutions,"35,615",Active,"May 1, 2010",,For Profit,,,,,,,"Analytics, Big Data, Business Intelligence, Social Media Management",2,11-50,2,M&A,"Sep 23, 2015","$1,000,000",Seed,"$1,000,000",Seed,"$1,000,000","$1,850,000",2,Was Acquired,Private,,,,,
Department of Better Technology,https://www.crunchbase.com/organization/department-of-better-technology,"Government and Military, Information Technology, Software","Oakland, California, United States",Department of Better Technology makes great software that helps governments and non-profits better serve their communities.,"36,515",Active,2013,,For Profit,,,,,,,"Enterprise Software, GovTech, Non Profit, Open Source, Software",3,1-10,1,M&A,"May 18, 2016","$125,000",Seed,"$125,000",Seed,"$125,000","$125,000",1,Was Acquired,Private,,,,,1
Gazemetrix,https://www.crunchbase.com/organization/uberlabs,"Advertising, Artificial Intelligence, Data and Analytics, Internet Services, Media and Entertainment, Sales and Marketing, Software","Sunnyvale, California, United States",Gazemetrix offers brands insight into when and where their brand was photographed across social media in real time.,"37,456",Active,2012,,,,,,,,,"Advertising, Analytics, Machine Learning, Social Media",3,1-10,4,M&A,"Jun 11, 2015",,Non-equity Assistance,,Venture - Series Unknown,"$140,000","$140,000",7,Was Acquired,Private,,,,,1
HiGear,https://www.crunchbase.com/organization/higear,"Internet Services, Transportation","San Francisco, California, United States",HiGear is a private car-sharing club for luxury and sports cars.,"37,836",Active,2011,,,,,,,,,"Automotive, Car Sharing, Online Portals",2,1-10,2,M&A,"Oct 7, 2011","$1,300,000",Seed,"$1,300,000",Seed,"$1,300,000","$1,300,000",4,Was Acquired,Private,,,,,
Sinimanes,https://www.crunchbase.com/organization/sinimanes,"Commerce and Shopping, Food and Beverage, Internet Services","Buenos Aires, Distrito Federal, Argentina",Sinimanes mission is to not overcook or you lift the phone to order.,"38,728",Active,"Mar 1, 2011",,For Profit,,,,,,,"E-Commerce, Food and Beverage, Online Portals",3,11-50,3,M&A,"Oct 1, 2013","$345,000",Seed,"$345,000",Seed,"$530,000","$530,000",4,Was Acquired,Private,,,,,
Appstores.com,https://www.crunchbase.com/organization/appstores-com,"Apps, Content and Publishing, Media and Entertainment, Mobile, Software","San Francisco, California, United States",Appstores.com develops tools that indicate the relevant applications required for catering to users' needs.,"39,570",Active,"May 24, 2010",,,,,,,,,"Apps, Developer APIs, Mobile, Publishing, Software",1,1-10,2,M&A,"Aug 1, 2011","$565,000",Angel,"$565,000",Angel,"$1,155,000","$1,155,000",17,Was Acquired,Private,,,,,
Primeloop,https://www.crunchbase.com/organization/primeloop,"Content and Publishing, Data and Analytics, Internet Services, Media and Entertainment","Las Vegas, Nevada, United States",Build targeted audiences with every link you share,"40,198",Active,"Jun 1, 2011",,,,,,,,,"Analytics, News, Social Media",3,1-10,3,M&A,"Jan 24, 2014","$300,000",Seed,"$300,000",Seed,"$525,000","$525,000",9,Was Acquired,Private,,,,,1
Appbistro,https://www.crunchbase.com/organization/appbistro,"Apps, Mobile, Software","San Francisco, California, United States","Appbistro, an application marketplace for the Facebook platform, enables brands and businesses to build out their fan pages effectively.","42,401",Closed,"Feb 17, 2010",,For Profit,,,,,,,"Apps, Developer APIs, Mobile",2,1-10,3,M&A,"Aug 13, 2010","$600,000",Angel,"$600,000",Angel,"$600,000","$600,000",10,Was Acquired,Private,,,,,1
Wiser,https://www.crunchbase.com/organization/wisepricer,"Commerce and Shopping, Data and Analytics, Sales and Marketing",,"Wiser was acquired by Quad Analytix (now Wiser Solutions, Inc.). Please visit https://www.crunchbase.com/organization/wiser-solutions-inc","42,690",Active,"Feb 1, 2012",,For Profit,,,,,,,"Analytics, E-Commerce, Marketing",3,51-100,2,M&A,"Feb 28, 2015",,Seed,,Seed,,,5,Was Acquired,Private,,,,,
Punchd,https://www.crunchbase.com/organization/punchd,"Mobile, Platforms, Sales and Marketing, Software","Mountain View, California, United States",Punchd is a mobile application facilitating mobile phone-enabled loyalty cards for businesses providing reward points for their customers.,"43,335",Active,2010,,For Profit,,,,,,,"Android, iOS, Loyalty Programs, Mobile",4,1-10,1,M&A,"Feb 14, 2011","$50,000",Seed,"$50,000",Seed,"$50,000","$50,000",1,Was Acquired,Private,,,,,1
Kudo,https://www.crunchbase.com/organization/kudo-2,"Commerce and Shopping, Financial Services, Information Technology, Payments","Jakarta, Jakarta Raya, Indonesia",Kudo is an Indonesian startup technology company.,"43,496",Active,2014,,For Profit,,,,,,,"E-Commerce, Information Technology, Payments",2,1-10,2,M&A,"Sep 14, 2016",,Venture - Series Unknown,,Venture - Series Unknown,,,5,Was Acquired,Private,,,,,
Khush,https://www.crunchbase.com/organization/khush,"Media and Entertainment, Mobile, Music and Audio, Platforms, Software","Atlanta, Georgia, United States","Khush develops music applications such as LaDiDa, a reverse karaoke iPhone app that analyzes the user's voice and composes music to match.","43,921",Active,2009,,For Profit,,,,,,,"Audio, iOS, Music",2,1-10,2,M&A,"Dec 1, 2010",,Seed,,Seed,"$120,000","$120,000",3,Was Acquired,Private,,,,,1
Backyard,https://www.crunchbase.com/organization/backyard,"Advertising, Sales and Marketing, Software","California City, California, United States",Backyard is a SaaS provider delivering video marketing and advertising solutions that connect local businesses with customers.,"47,095",Active,2010,,For Profit,,,,,,,"Advertising, Enterprise Software, Marketing",4,11-50,1,M&A,"Dec 1, 2010","$150,000",Seed,"$150,000",Seed,"$150,000","$150,000",3,"Made Acquisitions, Was Acquired",Private,,,,,
Tello Applications,https://www.crunchbase.com/organization/tello,"Apps, Mobile, Software","Palo Alto, California, United States",Tello (now closed) helped improve customer service by providing real-time insight into the customer experience.,"48,211",Closed,"Feb 2, 2010",,For Profit,,,,,,,"Customer Service, Mobile Apps, Real Time",1,1-10,3,M&A,"Feb 28, 2012","$2,700,000",Series A,"$2,700,000",Series A,"$3,700,000","$4,700,000",13,Was Acquired,Private,,,,,1
Socialight,https://www.crunchbase.com/organization/socialight,"Data and Analytics, Internet Services, Media and Entertainment, Mobile, Navigation and Mapping","New York, New York, United States","Socialight offers a mobile urban navigation service, enabling users to discover, share and rate restaurants and tag secret bars for friends.","49,385",Closed,2005,,For Profit,,,,,,,"Local, Location Based Services, Mobile, Navigation, Social Media",1,,1,M&A,"Nov 1, 2014","$100,000",Seed,"$100,000",Seed,"$100,000","$100,000",1,Was Acquired,Private,,,,,1
Zipdial,https://www.crunchbase.com/organization/zipdial,"Mobile, Software","Bangalore City, Karnataka, India",ZipDial offers a marketing and analytics platform that enables brand managers to drive customer engagement by capitalizing on missed calls.,"51,431",Active,"Mar 1, 2010",,,,,,,,,"Developer Tools, Enterprise Software, Mobile",3,51-100,3,M&A,"Apr 15, 2013",,Venture - Series Unknown,,Venture - Series Unknown,,,4,Was Acquired,Private,,,,,
LaunchGram,https://www.crunchbase.com/organization/launchgram,"Apps, Content and Publishing, Media and Entertainment, Software","Mountain View, California, United States",LaunchGram is a web platform enabling users to follow and get updates on products and initiatives that have yet to be released or completed.,"56,876",Active,"Jan 10, 2012",,,,,,,,,"Digital Media, News, Web Apps",3,1-10,2,M&A,"Oct 1, 2012","$50,000",Seed,"$50,000",Seed,"$50,000","$70,000",2,Was Acquired,Private,,,,,1
Sqoot,https://www.crunchbase.com/organization/sqoot,"Commerce and Shopping, Software","New York, New York, United States",Sqoot is a local deal API that helps developers make money and advertisers gain distribution.,"57,072",Active,"Jan 1, 2010",,For Profit,,,,,,,"Developer APIs, E-Commerce, Local Business",2,11-50,2,M&A,"Feb 9, 2012",,Seed,,Seed,"$15,000","$15,000",2,Was Acquired,Private,,,,,1
Stupeflix,https://www.crunchbase.com/organization/stupeflix,"Apps, Content and Publishing, Media and Entertainment, Mobile, Platforms, Software, Video","Paris, Ile-de-France, France","Stupeflix gives people, and developers, video creation super powers.","63,877",Active,2008,,For Profit,,,,,,,"Apps, Developer APIs, iOS, Photo Sharing, Photography, Video",4,11-50,2,M&A,"Nov 15, 2012",,Seed,,Seed,,,5,Was Acquired,Private,,,,,
Nodal Industries,https://www.crunchbase.com/organization/nodal-industries,"Information Technology, Internet Services, Privacy and Security","Mountain View, California, United States",We offer home networks the latest and greatest network security solution available.,"71,732",Active,"Sep 4, 2014",,,,,,,,,"Internet, Network Security, Security",,1-10,1,M&A,"May 6, 2015","$100,000",Seed,"$100,000",Seed,"$100,000","$100,000",1,Was Acquired,Private,,,,,
PupBox,https://www.crunchbase.com/organization/pupbox,"Consumer Goods, Education","San Marcos, California, United States","Everything new puppy owners need on a monthly basis. Puppyhood is hard, PupBox makes it easier.","74,236",Active,2014,,,,,,,,,"Education, Personalization, Toys",2,1-10,1,M&A,"Feb 16, 2016",,Seed,,Seed,,,1,Was Acquired,Private,,,,,1
Gradible,https://www.crunchbase.com/organization/gradible,"Education, Financial Services","New York, New York, United States",Student Debt Repayment Alternative,"75,928",Active,"Sep 1, 2013",,For Profit,,,,,,,"Education, Financial Services, Personal Finance",3,1-10,1,M&A,"Apr 15, 2014",,Seed,,Seed,,,7,Was Acquired,Private,,,,,
Unwind Me,https://www.crunchbase.com/organization/unwind-me,Health Care,"San Francisco, California, United States",Unwind Me is a website that provides massaging and wellness services. Believed to have gone out of business.,"76,185",Active,2013,,For Profit,,,,,,,Health Care,2,1-10,1,M&A,"Aug 14, 2014",,Seed,,Seed,,,2,Was Acquired,Private,,,,,1
Pinshape,https://www.crunchbase.com/organization/pinshape,"Commerce and Shopping, Information Technology, Internet Services, Software","Vancouver, British Columbia, Canada","Pinshape is the next generation 3D printing community & marketplace for brands, designers and makers.","84,606",Active,"Oct 1, 2012",,For Profit,,,,,,,"E-Commerce, Information Technology, Internet, Software",3,1-10,1,M&A,"Jan 30, 2014",,Seed,,Seed,,,4,Was Acquired,Private,,,,,1
Incredible Labs,https://www.crunchbase.com/organization/incredible-labs,"Artificial Intelligence, Data and Analytics, Mobile, Science and Engineering, Software","San Francisco, California, United States","Incredible Labs, a developer of artificial intelligence, offers Donna, a software solution for time management.","86,217",Closed,2011,,,,,,,,,"Artificial Intelligence, Mobile, Productivity Tools",4,1-10,1,M&A,"Dec 22, 2011",,Seed,,Seed,,,5,Was Acquired,Private,,,,,
GazeHawk,https://www.crunchbase.com/organization/gazehawk,Internet Services,"Mountain View, California, United States",GazeHawk provides users with professional eye-tracking services using webcams in their own homes.,"94,754",Active,"Dec 1, 2009",,,,,,,,,Internet,2,11-50,1,M&A,"Jun 1, 2010",,Seed,,Seed,,,5,Was Acquired,Private,,,,,1
SimplyInsight,https://www.crunchbase.com/organization/uplette,Data and Analytics,"San Francisco, California, United States",SimplyInsight is a software development firm that create personalized optimization of mobile content for businesses.,"96,048",Active,2013,,For Profit,,,,,,,"Analytics, Big Data",2,1-10,2,M&A,"Oct 21, 2014",,Seed,,Seed,,,2,Was Acquired,Private,,,,,1
Chirpme,https://www.crunchbase.com/organization/chirpme,"Community and Lifestyle, Internet Services, Software","San Francisco, California, United States",ChirpMe is a startup developing a dating site based on activities and daily deals.,"96,105",Active,2011,,,,,,,,,"Dating, Social Network, Web Browsers",1,51-100,1,M&A,"Aug 13, 2011",,Seed,,Seed,,,1,Was Acquired,Private,,,,,1
Rapt,https://www.crunchbase.com/organization/rapt,"Media and Entertainment, Software","San Francisco, California, United States","Rapt offers media monetization solutions, technology, and strategic advisory services for media companies.","102,298",Active,1998,,For Profit,,,,,,,"Advice, Enterprise Software, Service Industry",3,51-100,4,M&A,"Nov 3, 2013",,Seed,,Seed,"$23,620,000","$23,620,000",5,Was Acquired,Private,,,,,1
Versly,https://www.crunchbase.com/organization/versly,"Information Technology, Internet Services, Media and Entertainment, Messaging and Telecommunications, Real Estate, Software","San Francisco, California, United States","Versly integrates Microsoft Office applications and links content in documents, spreadsheets, presentations and email.","115,545",Active,2009,,For Profit,,,,,,,"Collaboration, Commercial Real Estate, Content, Email, Presentations, Software",2,1-10,1,M&A,"Jul 1, 2010",,Seed,,Seed,,,7,Was Acquired,Private,,,,,
