Organization Name,Organization Name URL,Category Groups,Headquarters Location,Description,CB Rank (Organization),Founded Date,Operating Status,Closed Date,Company Type,Investor Type,Investment Stage,Number of Portfolio Organizations,Number of Investments,Number of Lead Investments,Number of Exits,Number of Founders,Number of Employees,Number of Funding Rounds,Funding Status,Last Funding Date,Last Funding Amount,Last Funding Type,Last Equity Funding Amount,Last Equity Funding Type,Total Equity Funding Amount,Total Funding Amount,Number of Lead Investors,Number of Investors,Acquisition Status,IPO Status,IPO Date,Delisted Date,Valuation at IPO,Money Raised at IPO
Ring,https://www.crunchbase.com/organization/ring,"Consumer Electronics, Hardware, Privacy and Security, Real Estate","Santa Monica, California, United States",Ring is an outdoor home security company that provides homeowners a line of preventative outdoor security doorbells and cameras.,14,2012,Active,,For Profit,,,,,,,1,501-1000,6,M&A,"Jan 25, 2017","$109,000,000",Series D,"$109,000,000",Series D,"$209,200,000","$209,200,000",8,20,"Made Acquisitions, Was Acquired",Private,,,,
Square,https://www.crunchbase.com/organization/square,"Financial Services, Hardware, Mobile, Payments, Software","San Francisco, California, United States",Square is a merchant services aggregator and mobile payment company that aims to simplify commerce through technology.,33,"Feb 1, 2009",Active,,For Profit,,,11,11,,2,2,1001-5000,7,IPO,"Oct 3, 2014","$150,000,000",Series E,"$150,000,000",Series E,"$490,500,000","$590,500,000",4,38,Made Acquisitions,Public,"Nov 19, 2015",,"$2,900,000,000","$243,000,000"
Groupon,https://www.crunchbase.com/organization/groupon,"Advertising, Commerce and Shopping, Internet Services, Media and Entertainment, Sales and Marketing","Chicago, Illinois, United States",Groupon is a deal-of-the-day website that offers discounted gift certificates usable at local or national companies.,79,"Nov 11, 2008",Active,,For Profit,,,4,6,2,1,9,1001-5000,7,IPO,"Apr 4, 2016","$250,000,000",Post-IPO Equity,"$250,000,000",Post-IPO Equity,"$1,387,000,000","$1,387,000,000",4,20,Made Acquisitions,Public,"Nov 4, 2011",,"$12,708,067,040","$700,000,000"
Dollar Shave Club,https://www.crunchbase.com/organization/dollar-shave-club,"Commerce and Shopping, Internet Services","Santa Monica, California, United States","Dollar Shave Club makes and delivers everything you need to look, feel, and shave like a million bucks.",91,2011,Active,,For Profit,,,,,,,2,101-250,6,M&A,"Nov 19, 2015","$90,700,000",Series D,"$90,700,000",Series D,"$163,500,000","$163,500,000",5,24,Was Acquired,Private,,,,
Symantec,https://www.crunchbase.com/organization/symantec,"Consumer Electronics, Hardware, Information Technology, Privacy and Security","Mountain View, California, United States","Symantec provides security, storage, and systems management solutions that help consumers secure and manage their information.",100,1982,Active,,For Profit,,,12,17,6,10,1,10001+,3,IPO,"Feb 4, 2016","$500,000,000",Post-IPO Equity,"$500,000,000",Post-IPO Equity,"$503,000,000","$503,000,000",3,3,Made Acquisitions,Public,"Jun 30, 1989",,,
Phantom,https://www.crunchbase.com/organization/phantom-cyber,"Information Technology, Privacy and Security","Palo Alto, California, United States","Phantom is a purpose-built, community-powered security automation, and orchestration platform.",182,2014,Active,,For Profit,,,,,,,2,11-50,3,M&A,"Jan 10, 2017","$13,500,000",Series B,"$13,500,000",Series B,"$22,700,000","$22,700,000",2,10,Was Acquired,Private,,,,
Shazam,https://www.crunchbase.com/organization/shazam,"Internet Services, Media and Entertainment, Mobile, Music and Audio, Platforms, Software","London, England, United Kingdom","Shazam offers a mobile app that connects hundreds of millions of people around the world to the content music, artists and brands they love.",265,"May 22, 2000",Active,,For Profit,,,,,,,4,101-250,12,M&A,"Feb 26, 2015","$30,000,000",Series F,"$30,000,000",Series F,"$143,500,000","$143,500,000",4,12,"Made Acquisitions, Was Acquired",Private,,,,
AppDynamics,https://www.crunchbase.com/organization/appdynamics,"Data and Analytics, Information Technology","San Francisco, California, United States",AppDynamics develops application performance management (APM) solutions that deliver problem resolution for highly distributed applications.,307,"Apr 1, 2008",Active,,For Profit,,,,,,,2,501-1000,11,M&A,"Dec 20, 2016",,Secondary Market,"$158,000,000",Series F,"$314,500,000","$364,500,000",9,21,"Made Acquisitions, Was Acquired",Private,,,,
Intuit,https://www.crunchbase.com/organization/intuit,"Financial Services, Professional Services","Mountain View, California, United States","Intuit offers business and financial management solutions for SMBs, financial institutions, consumers, and accounting professionals.",319,1983,Active,,For Profit,,,9,12,1,4,2,5001-10000,3,IPO,"Jan 19, 2011","$6,700,000",Post-IPO Equity,"$6,700,000",Post-IPO Equity,"$18,851,000","$18,851,000",3,3,Made Acquisitions,Public,"Mar 19, 1993",,,
Lending Club,https://www.crunchbase.com/organization/lendingclub,"Financial Services, Lending and Investments","San Francisco, California, United States",Lending Club is an online financial community that brings together creditworthy borrowers and savvy investors.,423,2007,Active,,For Profit,,,,,,,2,501-1000,14,IPO,"Apr 9, 2017",,Post-IPO Equity,,Post-IPO Equity,"$160,230,000","$392,230,000",8,23,Made Acquisitions,Public,"Dec 11, 2014",,"$5,400,000,000","$865,500,000"
Chegg,https://www.crunchbase.com/organization/chegg,"Commerce and Shopping, Education","Santa Clara, California, United States",Chegg is an online textbook rental company offering services to universities and community colleges in the U.S.,431,2007,Active,,For Profit,,,,,,,3,501-1000,11,IPO,"Apr 7, 2016","$37,300,000",Post-IPO Equity,"$37,300,000",Post-IPO Equity,"$234,603,692","$289,603,692",5,15,Made Acquisitions,Public,"Nov 13, 2013",,"$1,100,000,000","$187,000,000"
Snap Inc.,https://www.crunchbase.com/organization/snapchat,"Apps, Content and Publishing, Information Technology, Internet Services, Media and Entertainment, Messaging and Telecommunications, Mobile, Software","Venice, California, United States","Snap, formerly Snapchat Inc, is a camera company that develops Snapchat and Spectacles.",434,"May 1, 2011",Active,,For Profit,,,,,,,3,1001-5000,10,IPO,"Nov 9, 2017","$2,000,000,000",Post-IPO Equity,"$2,000,000,000",Post-IPO Equity,"$4,628,985,000","$4,648,985,000",8,29,Made Acquisitions,Public,"Mar 2, 2017",,"$33,000,000,000","$3,400,000,000"
Amazon,https://www.crunchbase.com/organization/amazon,"Administrative Services, Commerce and Shopping, Internet Services, Software","Seattle, Washington, United States","Amazon is an international e-commerce website for consumers, sellers, and content creators.",445,"Jul 5, 1994",Active,,For Profit,,,44,58,24,16,1,10001+,2,IPO,"Jul 24, 2001","$100,000,000",Undisclosed,"$100,000,000",Undisclosed,"$108,000,000","$108,000,000",1,2,Made Acquisitions,Public,"May 15, 1997",,"$438,000,000","$54,000,000"
Zynga,https://www.crunchbase.com/organization/zynga,"Gaming, Mobile","San Francisco, California, United States","Zynga makes online social and mobile games. Four years after its founding, Zynga had grown to over $1 billion in revenue and IPO'd in 2011.",458,"Apr 1, 2007",Active,,For Profit,,,,,,,4,1001-5000,9,IPO,"Feb 18, 2011","$490,000,000",Series C,"$490,000,000",Series C,"$866,550,786","$866,550,786",4,21,Made Acquisitions,Public,"Dec 16, 2011",,"$6,990,000,000","$1,000,000,000"
Nest Labs,https://www.crunchbase.com/organization/nest-labs,"Consumer Electronics, Hardware, Manufacturing, Real Estate","Palo Alto, California, United States","Nest Labs is a home automation company manufacturing sensor-driven, Wi-Fi-enabled, self-learning thermostats and smoke detectors.",495,"May 25, 2010",Active,,For Profit,,,,,,,2,1001-5000,3,M&A,"Jan 30, 2013","$80,000,000",Series C,"$80,000,000",Series C,"$80,000,000","$80,000,000",1,10,"Made Acquisitions, Was Acquired",Private,,,,
Teladoc,https://www.crunchbase.com/organization/teladoc,"Health Care, Mobile","Purchase, New York, United States","Teladoc is the nation’s first and largest telehealth platform, transforming the access, cost and quality dynamics of health care delivery.",513,2002,Active,,For Profit,,,,,,,1,501-1000,6,IPO,"Jul 12, 2016","$80,000,000",Post-IPO Debt,"$50,250,081",Series C,"$92,850,085","$172,850,085",5,10,Made Acquisitions,Public,"Jul 1, 2015",,"$703,880,574","$157,000,000"
Practice Fusion,https://www.crunchbase.com/organization/practice-fusion,"Consumer Electronics, Hardware, Health Care","San Francisco, California, United States","Practice Fusion provides a free, web-based Electronic Health Record (EMR) system and medical practice management technology to physicians.",563,"Jul 10, 2005",Active,,For Profit,,,,,,,3,101-250,13,M&A,"Nov 9, 2016",,Venture - Series Unknown,,Venture - Series Unknown,"$155,019,998","$157,519,998",8,31,"Made Acquisitions, Was Acquired",Private,,,,
Google,https://www.crunchbase.com/organization/google,"Advertising, Content and Publishing, Information Technology, Internet Services, Media and Entertainment, Messaging and Telecommunications, Software, Video","Mountain View, California, United States",Google is a multinational corporation that is specialized in internet-related services and products.,567,"Sep 7, 1998",Active,,For Profit,,,55,65,23,18,2,10001+,5,IPO,"Jun 1, 2000","$10,000,000",Undisclosed,"$10,000,000",Undisclosed,"$36,100,000","$36,100,000",4,13,Made Acquisitions,Public,"Aug 19, 2004",,"$23,053,669,655","$1,666,429,420"
Bitstrips,https://www.crunchbase.com/organization/bitstrips,"Information Technology, Internet Services, Media and Entertainment, Messaging and Telecommunications","Toronto, Ontario, Canada",Bitstrips gives you an entertaining and dynamic visual identity that lets you express yourself in ways that words can't capture.,666,"Oct 19, 2007",Active,,For Profit,,,,,,,5,11-50,2,M&A,"Oct 29, 2014","$8,000,000",Series B,"$8,000,000",Series B,"$11,000,000","$11,000,000",1,2,Was Acquired,Private,,,,
CoreOS,https://www.crunchbase.com/organization/coreos,"Internet Services, Platforms, Privacy and Security, Software","San Francisco, California, United States",CoreOS builds industry-leading infrastructure software to securely run application containers anywhere.,695,2013,Active,,For Profit,,,,,,,2,51-100,5,M&A,"May 9, 2016","$28,000,000",Series B,"$28,000,000",Series B,"$48,000,000","$48,000,000",2,9,"Made Acquisitions, Was Acquired",Private,,,,
Waze,https://www.crunchbase.com/organization/waze,"Apps, Mobile, Navigation and Mapping, Software, Transportation","Palo Alto, California, United States","Waze is a mobile navigation app that enables drivers to use live maps, and get real-time traffic updates and other road data.",886,2007,Active,,,,,,,,,3,51-100,3,M&A,"Oct 18, 2011","$30,000,000",Series C,"$30,000,000",Series C,"$67,000,000","$67,000,000",4,6,Was Acquired,Private,,,,
Path,https://www.crunchbase.com/organization/path,"Content and Publishing, Information Technology, Internet Services, Media and Entertainment, Messaging and Telecommunications, Mobile","San Francisco, California, United States",Path is a mobile photo-sharing and messaging service for building personal social networks with up to 150 contacts.,"1,083","Nov 1, 2010",Active,,For Profit,,,,,,,3,51-100,4,M&A,"Jan 10, 2014","$25,000,000",Series C,"$25,000,000",Series C,"$66,150,000","$66,150,000",3,38,"Made Acquisitions, Was Acquired",Private,,,,
Aerohive Networks,https://www.crunchbase.com/organization/aerohive-networks,"Hardware, Internet Services, Mobile","Sunnyvale, California, United States",Aerohive Networks develops cooperative control architecture that improves the efficiency of enterprise Wi-Fi systems.,"1,223",2006,Active,,For Profit,,,,,,,1,501-1000,6,IPO,"Jul 9, 2013","$10,000,000",Series F,"$10,000,000",Series F,"$104,952,382","$104,952,382",5,8,Made Acquisitions,Public,"Mar 28, 2014",,"$436,065,800","$75,000,000"
Foundation Medicine,https://www.crunchbase.com/organization/foundation-medicine,"Biotechnology, Health Care, Science and Engineering","Cambridge, Massachusetts, United States",Foundation medicine is a molecular information company developing clinical diagnostic tests that facilitates personalized cancer therapies.,"1,309",2010,Active,,,,,1,1,,,1,251-500,4,M&A,"Jan 8, 2013","$13,500,000",Series B,"$13,500,000",Series B,"$96,500,000","$96,500,000",1,9,Was Acquired,Public,"Sep 25, 2013",,"$486,000,000","$106,000,000"
TESARO,https://www.crunchbase.com/organization/tesaro,"Biotechnology, Health Care, Science and Engineering","Waltham, Massachusetts, United States",TESARO is an oncology-focused biopharmaceutical company identifying better cancer therapies to improve the lives of patients with cancer.,"1,497","Mar 1, 2010",Active,,For Profit,,,,,,,2,101-250,5,IPO,"Apr 18, 2016","$49,999,960",Post-IPO Equity,"$49,999,960",Post-IPO Equity,"$456,999,875","$456,999,875",3,10,,Public,"Jun 28, 2012",,"$360,000,000","$81,000,000"
LifeLock,https://www.crunchbase.com/organization/lifelock,Privacy and Security,"Tempe, Arizona, United States",LifeLock is an identity theft protection company that protects its members' personal information from being used by a third party.,"1,635","Aug 1, 2005",Active,,,,,,,,,2,501-1000,7,M&A,"May 21, 2016",,Post-IPO Equity,,Post-IPO Equity,"$201,340,000","$201,340,000",5,10,"Made Acquisitions, Was Acquired",Public,"Oct 3, 2013",,"$776,775,267","$141,300,000"
Karma Automotive,https://www.crunchbase.com/organization/fisker,"Manufacturing, Software, Transportation","Irvine, California, United States",Karma Automotive is a manufacturer of world-class luxury hybrid cars.,"2,357",Aug 2007,Active,,For Profit,,,,,,,2,251-500,11,M&A,"Nov 21, 2016","SEK7,000,000",Venture - Series Unknown,"SEK7,000,000",Venture - Series Unknown,"$948,258,798","$1,477,258,798",3,11,Was Acquired,Private,,,,
RelateIQ,https://www.crunchbase.com/organization/relateiq,"Advertising, Sales and Marketing, Software","Palo Alto, California, United States","RelateIQ offers a relationship intelligence platform that allows teams to track, share and analyze professional relationships.","2,608",2011,Active,,For Profit,,,,,,,2,,4,M&A,"Mar 25, 2014","$40,000,000",Series C,"$40,000,000",Series C,"$69,000,000","$69,000,000",1,14,Was Acquired,Private,,,,
Twitter,https://www.crunchbase.com/organization/twitter,"Content and Publishing, Information Technology, Internet Services, Media and Entertainment, Messaging and Telecommunications","San Francisco, California, United States",Twitter is a global social networking platform that allows its users to send and read 140-character messages known as “tweets.”,"2,695","Mar 21, 2006",Active,,For Profit,,,2,2,,,4,1001-5000,9,IPO,"Dec 20, 2011","$300,000,000",Venture - Series Unknown,"$300,000,000",Venture - Series Unknown,"$1,060,166,511","$1,460,166,511",8,27,Made Acquisitions,Public,"Nov 7, 2013",,"$24,565,826,402","$1,820,000,000"
3VR,https://www.crunchbase.com/organization/3vr-security,"Data and Analytics, Information Technology, Internet Services, Media and Entertainment, Privacy and Security, Software, Video","San Francisco, California, United States",3VR provides video business intelligence solutions for real-time security and customer insights,"2,806",2002,Active,,,,,,,,,2,11-50,7,M&A,"Jan 13, 2015","$8,000,000",Venture - Series Unknown,"$8,000,000",Venture - Series Unknown,"$61,000,000","$64,567,194",3,7,Was Acquired,Private,,,,
Jive Software,https://www.crunchbase.com/organization/jive-software,"Internet Services, Media and Entertainment, Software","Palo Alto, California, United States",Jive is an independent social business software vendor.,"2,844","Feb 7, 2001",Active,,For Profit,,,,,,,3,501-1000,8,M&A,"May 3, 2013","$7,274,794",Debt Financing,"$5,152,000",Venture - Series Unknown,"$62,152,000","$69,526,794",2,4,"Made Acquisitions, Was Acquired",Public,"Dec 13, 2011",,"$708,795,312","$161,275,200"
Dropcam,https://www.crunchbase.com/organization/dropcam,"Consumer Electronics, Hardware, Software","San Francisco, California, United States",Dropcam develops a Wi-Fi camera with easy setup and continuous cloud recording.,"2,855",2009,Active,,For Profit,,,,,,,2,51-100,4,M&A,"Jul 31, 2013","$30,000,000",Series C,"$30,000,000",Series C,"$47,800,000","$47,800,000",3,14,Was Acquired,Private,,,,
iControl Networks,https://www.crunchbase.com/organization/icontrol,"Privacy and Security, Software","Redwood City, California, United States",iControl Networks offers connected home solutions to households worldwide.,"3,074",2003,Active,,For Profit,,,,,,,3,51-100,5,M&A,"Jun 20, 2011","$50,000,000",Series D,"$50,000,000",Series D,"$93,500,000","$93,500,000",1,8,"Made Acquisitions, Was Acquired",Private,,,,
ServiceMax,https://www.crunchbase.com/organization/servicemax,"Information Technology, Internet Services, Software","Pleasanton, California, United States",ServiceMax provides field service management solutions for technicians through cloud and mobile software.,"3,203",2007,Active,,For Profit,,,,,,,2,251-500,7,M&A,"Jun 8, 2016",,Secondary Market,"$82,000,000",Series F,"$204,000,000","$204,000,000",6,17,Was Acquired,Private,,,,
Opower,https://www.crunchbase.com/organization/opower,"Energy, Government and Military, Information Technology, Software, Sustainability","Arlington, Virginia, United States",Opower is a SaaS-based customer engagement and energy efficiency company providing the tools consumers need to make better energy decisions.,"3,217",2007,Active,,For Profit,,,,,,,2,501-1000,5,M&A,"Apr 3, 2014",,Venture - Series Unknown,,Venture - Series Unknown,"$68,350,000","$68,350,000",5,9,Was Acquired,Public,"Apr 4, 2014",,"$901,736,941","$115,900,000"
Telogis,https://www.crunchbase.com/organization/telogis,"Navigation and Mapping, Software, Transportation","Aliso Viejo, California, United States","An award-winning, cloud-based software platform that has a transformative effect on the way companies do business outside the four walls.","3,354","Mar 1, 2001",Active,,For Profit,,,,,,,3,501-1000,7,M&A,"May 18, 2015","$40,000,000",Undisclosed,"$40,000,000",Undisclosed,"$141,280,000","$141,280,000",1,3,"Made Acquisitions, Was Acquired",Private,,,,
ARMO BioSciences,https://www.crunchbase.com/organization/armo-biosciences,"Biotechnology, Health Care, Science and Engineering","Redwood City, California, United States",ARMO Biosciences is a biotechnology company that develops immune modulatory biologic therapeutics.,"3,382",2013,Active,,,,,,,,,1,1-10,4,IPO,"Aug 29, 2017","$67,000,000",Series C,"$67,000,000",Series C,"$167,000,000","$167,000,000",3,13,,Public,"Jan 26, 2018",,"$497,000,000","$128,000,000"
Shopkick,https://www.crunchbase.com/organization/shopkick,"Commerce and Shopping, Internet Services, Media and Entertainment, Mobile","Redwood City, California, United States",Shopkick provides the most used shopping app for smartphones at physical stores and rewards users just for walking in.,"3,505","Jun 1, 2009",Active,,,,,,,,,3,51-100,5,M&A,"Mar 1, 2014",,Secondary Market,"$15,000,000",Series B,"$20,000,000","$26,700,000",1,8,"Made Acquisitions, Was Acquired",Private,,,,
Graphiq,https://www.crunchbase.com/organization/graphiq,"Artificial Intelligence, Data and Analytics, Design, Information Technology, Internet Services, Science and Engineering, Software","Santa Barbara, California, United States",Graphiq (formerly FindTheBest) is a data aggregation and visualization company.,"3,656","May 1, 2009",Active,,For Profit,,,,,,,3,101-250,4,M&A,"Oct 18, 2016","$15,000,000",Private Equity,"$15,000,000",Private Equity,"$32,000,000","$32,000,000",2,3,Was Acquired,Private,,,,
Upthere,https://www.crunchbase.com/organization/upthere,"Content and Publishing, Internet Services, Media and Entertainment, Software","Redwood City, California, United States",Upthere's mission is to care for humankind's information.,"3,780",2011,Active,,For Profit,,,,,,,3,51-100,1,M&A,"Jul 27, 2016","$77,000,000",Venture - Series Unknown,"$77,000,000",Venture - Series Unknown,"$77,000,000","$77,000,000",2,6,Was Acquired,Private,,,,
Friendster,https://www.crunchbase.com/organization/friendster,"Community and Lifestyle, Gaming, Internet Services, Media and Entertainment","Makati, Manila, Philippines",Friendster is a social gaming site focused on providing users with entertainment and fun.,"3,863","Jan 3, 2001",Active,,For Profit,,,1,1,,1,1,10001+,5,M&A,"Aug 5, 2008","$20,000,000",Series D,"$20,000,000",Series D,"$48,500,000","$48,500,000",4,7,Was Acquired,Private,,,,
Flipagram,https://www.crunchbase.com/organization/flipagram,"Content and Publishing, Internet Services, Media and Entertainment, Music and Audio, Video","Los Angeles, California, United States","Flipagram allows users to create and share compelling, visual stories with the music they love.","4,014","Oct 16, 2013",Active,,For Profit,,,,,,,3,51-100,1,M&A,"Jul 16, 2015","$70,000,000",Series B,"$70,000,000",Series B,"$70,000,000","$70,000,000",1,3,Was Acquired,Private,,,,
Pacific Biosciences,https://www.crunchbase.com/organization/pacific-biosciences,"Biotechnology, Health Care, Science and Engineering","Menlo Park, California, United States",Pacific Biosciences is a biotechnology company manufacturing systems for gene sequencing and real-time biological observations.,"4,038",2004,Active,,For Profit,,,,,,,2,251-500,7,IPO,"Feb 11, 2013","$20,500,000",Post-IPO Debt,"$109,000,000",Series F,"$339,220,000","$359,720,000",4,17,,Public,"Oct 27, 2010",,"$802,000,000","$200,000,000"
Swiftype,https://www.crunchbase.com/organization/swiftype,"Commerce and Shopping, Internet Services, Sales and Marketing, Software","San Francisco, California, United States","Swiftype, a Y Combinator-backed startup, builds fast & customizable search software for thousands of enterprises, websites and applications.","4,156","Jan 1, 2012",Active,,For Profit,,,,,,,2,11-50,4,M&A,"Mar 5, 2015","$13,000,000",Series B,"$13,000,000",Series B,"$22,200,000","$22,200,000",1,17,Was Acquired,Private,,,,
Amyris Biotechnologies,https://www.crunchbase.com/organization/amyris-biotechnologies,"Energy, Science and Engineering, Sustainability","Emeryville, California, United States","Amyris Biotechnologies creates renewable products, focusing on fuels and chemicals.","4,201",2003,Active,,,,,,,,,4,251-500,13,IPO,"Jan 17, 2018","$25,000,000",Grant,"$5,000,000",Post-IPO Equity,"$397,586,398","$471,886,398",4,14,Made Acquisitions,Public,"Sep 28, 2010",,"$650,000,000","$84,800,000"
One Kings Lane,https://www.crunchbase.com/organization/one-kings-lane,"Commerce and Shopping, Consumer Goods, Internet Services","San Francisco, California, United States","One Kings Lane is an e-commerce platform that offers members access to designer home décor, furnishings, accessories and gifts.","4,286","Dec 2, 2009",Active,,For Profit,,,,,,,2,501-1000,6,M&A,"Aug 1, 2014",,Secondary Market,"$112,000,000",Series E,"$225,000,000","$225,000,000",5,10,"Made Acquisitions, Was Acquired",Private,,,,
Kenandy,https://www.crunchbase.com/organization/kenandy,"Consumer Electronics, Hardware, Software","Redwood City, California, United States","Revolutionizing ERP for business innovation. Built on Salesforce, Kenandy empowers customers to map their ERP to their business processes.","4,308",2010,Active,,For Profit,,,,,,,1,101-250,3,M&A,"Mar 17, 2016","$11,500,000",Series B,"$11,500,000",Series B,"$55,000,000","$55,000,000",2,5,Was Acquired,Private,,,,
MyFitnessPal,https://www.crunchbase.com/organization/myfitnesspal,"Apps, Health Care, Software, Sports","Baltimore, Maryland, United States","MyFitnessPal offers a mobile app and website for people to track, learn, communicate and improve their health and wellness.","4,920",2005,Active,,For Profit,,,,,,,2,51-100,1,M&A,"Aug 13, 2013","$18,000,000",Series A,"$18,000,000",Series A,"$18,000,000","$18,000,000",1,3,"Made Acquisitions, Was Acquired",Private,,,,
ADOR,https://www.crunchbase.com/organization/ador,"Clothing and Apparel, Commerce and Shopping, Content and Publishing, Design, Internet Services, Media and Entertainment, Real Estate","Seattle, Washington, United States","Lockerz is a social commerce website where people can share their views on fashion, beauty, decor and entertainment.","5,236","Feb 1, 2009",Active,,,,,,,,,1,1-10,5,M&A,"Oct 31, 2013","$9,000,000",Series D,"$9,000,000",Series D,"$56,499,998","$56,499,998",2,5,"Made Acquisitions, Was Acquired",Private,,,,
SimpliVity,https://www.crunchbase.com/organization/simplivity,"Hardware, Information Technology, Internet Services, Software","Westborough, Massachusetts, United States","SimpliVity offers Omnicube™, an IT infrastructure platform that provides enterprise computing, storage services, and network functionality.","5,516",2009,Active,,,,,,,,,1,501-1000,5,M&A,"Mar 19, 2015","$175,000,000",Series D,"$175,000,000",Series D,"$276,000,000","$276,500,000",5,8,Was Acquired,Private,,,,
Silver Spring Networks,https://www.crunchbase.com/organization/silver-spring-networks,"Energy, Hardware, Internet Services, Sustainability","Redwood City, California, United States","Silver Spring Networks offers Smart Energy Platform™, enabling utilities to improve energy efficiencies, enhance services, and reduce costs.","5,839",2002,Active,,For Profit,,,,,,,5,501-1000,12,M&A,"Mar 27, 2013","$11,999,977",Post-IPO Equity,"$11,999,977",Post-IPO Equity,"$308,928,976","$373,428,976",2,10,"Made Acquisitions, Was Acquired",Public,"Mar 13, 2013",,"$771,775,537","$80,750,000"
Aggregate Knowledge,https://www.crunchbase.com/organization/aggregateknowledge,"Advertising, Artificial Intelligence, Data and Analytics, Sales and Marketing, Software","San Mateo, California, United States",Aggregate Knowledge is a media intelligence company that enables advertisers to reach the highest performing customers on a single platform.,"5,937","Jan 1, 2006",Active,,For Profit,,,,,,,,10001+,8,M&A,"Apr 1, 2013","$3,266,100",Venture - Series Unknown,"$3,266,100",Venture - Series Unknown,"$63,724,450","$74,311,925",2,7,"Made Acquisitions, Was Acquired",Private,,,,
IronPlanet,https://www.crunchbase.com/organization/ironplanet,"Agriculture and Farming, Commerce and Shopping, Real Estate, Transportation","Pleasanton, California, United States",IronPlanet is an online marketplace for used heavy equipments.,"6,119",1999,Active,,For Profit,,,,,,,2,251-500,8,M&A,"Aug 23, 2016","$17,968,672",Series E,"$17,968,672",Series E,"$92,703,847","$147,703,847",4,12,"Made Acquisitions, Was Acquired",Private,,,,
Mandiant,https://www.crunchbase.com/organization/mandiant,"Information Technology, Privacy and Security","Alexandria, Virginia, United States","Mandiant, an information security company, provides incident response and computer forensic solutions and services.","6,346",2004,Active,,,,,,,,,1,251-500,1,M&A,"Jul 22, 2011","$70,000,000",Private Equity,"$70,000,000",Private Equity,"$70,000,000","$70,000,000",,3,"Made Acquisitions, Was Acquired",Private,,,,
Veracyte,https://www.crunchbase.com/organization/veracyte,"Biotechnology, Health Care, Science and Engineering","South San Francisco, California, United States",Veracyte develops molecular diagnostic tests to improve patient outcomes and lower healthcare costs.,"6,380",2008,Active,,,,,,,,,1,51-100,5,IPO,"Mar 29, 2016","$45,000,000",Post-IPO Debt,"$28,000,000",Series C,"$71,250,000","$116,250,000",3,6,Made Acquisitions,Public,"Oct 30, 2013",,,"$65,000,000"
Timeful,https://www.crunchbase.com/organization/timeful,"Artificial Intelligence, Data and Analytics, Science and Engineering, Software","Mountain View, California, United States",Timeful is a technology company dedicated to reinventing the way that people manage their most precious resource: time.,"6,443",2012,Closed,"Dec 11, 2015",,,,,,,,3,11-50,1,M&A,"May 16, 2014","$7,000,000",Series A,"$7,000,000",Series A,"$7,000,000","$7,000,000",1,6,Was Acquired,Private,,,,
Apteligent,https://www.crunchbase.com/organization/crittercism,"Apps, Information Technology, Mobile, Software","San Francisco, California, United States","Apteligent is the leader in mobile app intelligence and helps you build better apps, faster.","6,472",2011,Active,,For Profit,,,,,,,3,51-100,5,M&A,"May 4, 2014","$30,000,000",Series C,"$30,000,000",Series C,"$48,720,000","$48,720,000",2,10,Was Acquired,Private,,,,
Klout,https://www.crunchbase.com/organization/klout,"Data and Analytics, Internet Services, Media and Entertainment","San Francisco, California, United States",Klout is an application that measures and ranks its users according to online social influence by using social media analytics.,"6,803","Aug 1, 2008",Active,,,,,,,,,2,101-250,10,M&A,"Aug 23, 2013",,Series C,,Series C,"$40,000,000","$40,000,000",1,24,"Made Acquisitions, Was Acquired",Private,,,,
Buddybuild,https://www.crunchbase.com/organization/buddybuild,"Mobile, Software","Vancouver, British Columbia, Canada",Buddybuild is a Vancouver-based app tools company focused on continuous integration and debugging tools.,"6,920",2015,Active,,For Profit,,,,,,,3,11-50,2,M&A,"May 25, 2016","$7,600,000",Series A,"$7,600,000",Series A,"$8,800,000","$8,800,000",1,8,Was Acquired,Private,,,,
Level Money,https://www.crunchbase.com/organization/level-money,"Financial Services, Lending and Investments, Payments, Software","San Francisco, California, United States",Level Money provides you with a simple and clear picture of your finances.,"7,506","Jun 22, 2012",Closed,"Sep 1, 2017",For Profit,,,,,,,2,1-10,1,M&A,"Oct 10, 2013","$5,000,000",Series A,"$5,000,000",Series A,"$5,000,000","$5,000,000",1,4,Was Acquired,Private,,,,
Five Prime Therapeutics,https://www.crunchbase.com/organization/five-prime-therapeutics,"Biotechnology, Health Care, Science and Engineering","San Francisco, California, United States",FivePrime is dis­cov­er­ing and devel­op­ing novel ther­a­peu­tic pro­teins and anti­bod­ies,"7,651",2002,Active,,For Profit,,,,,,,1,51-100,7,IPO,"Mar 26, 2014","$21,040,488",Post-IPO Equity,"$21,040,488",Post-IPO Equity,"$155,040,487","$155,040,487",,11,,Public,"Sep 18, 2013",,"$208,218,491","$62,400,000"
True North Therapeutics,https://www.crunchbase.com/organization/true-north-therapeutics,"Biotechnology, Health Care, Science and Engineering","South San Francisco, California, United States",True North Therapeutics is a pioneering biotechnology company selectively inhibiting the Complement pathway for diseases.,"7,693",2013,Active,,For Profit,,,,,,,1,11-50,4,M&A,"Oct 18, 2016","$45,000,000",Series D,"$45,000,000",Series D,"$142,000,000","$142,000,000",4,12,Was Acquired,Private,,,,
CareDx,https://www.crunchbase.com/organization/xdx,"Biotechnology, Health Care, Science and Engineering, Sports","Brisbane, California, United States",XDx is a novel mol­e­c­u­lar diagnos­tics com­pany.,"7,753",2000,Active,,For Profit,,,,,,,1,51-100,14,IPO,"Mar 15, 2017","$25,000,000",Post-IPO Debt,"$22,169,135",Post-IPO Equity,"$166,788,264","$227,485,556",2,15,Made Acquisitions,Public,"Jul 25, 2014",,"$168,000,000","$40,000,000"
ZAI Lab,https://www.crunchbase.com/organization/zai-lab,"Health Care, Information Technology","Shanghai, Shanghai, China",Zai is built on a vision that China would be the next destination for the pharmaceutical and healthcare industry,"7,787",2013,Active,,For Profit,,,1,1,,,1,11-50,4,IPO,"Jun 28, 2017","$30,000,000",Series C,"$30,000,000",Series C,"$160,000,000","$160,000,000",3,9,,Public,"Sep 20, 2017",,"$1,400,000,000","$165,000,000"
PernixData,https://www.crunchbase.com/organization/pernixdata,"Hardware, Information Technology, Software","San Jose, California, United States",PernixData offers software that virtualizes server-side flash to enable scale-out storage performance.,"7,981",2012,Active,,For Profit,,,,,,,2,101-250,3,M&A,"Aug 20, 2014","$35,000,000",Series C,"$35,000,000",Series C,"$62,000,000","$62,000,000",2,9,Was Acquired,Private,,,,
Intersect ENT,https://www.crunchbase.com/organization/intersect,Health Care,"Menlo Park, California, United States",Intersect ENT provides therapy solutions that enable ENT physicians to improve the quality of life of patients.,"8,388",2003,Active,,For Profit,,,,,,,1,251-500,5,IPO,"Feb 26, 2013","$18,309,546",Venture - Series Unknown,"$18,309,546",Venture - Series Unknown,"$102,844,131","$102,844,131",1,6,,Public,"Jul 24, 2014",,,"$55,000,000"
TradeHero,https://www.crunchbase.com/organization/tradehero,"Financial Services, Lending and Investments, Mobile, Software","Singapore, Central Region, Singapore","TradeHero, a free stock market simulation app, draws data from stock exchanges to create an unrivalled global social investment network.","8,579",2012,Active,,For Profit,,,,,,,1,51-100,3,M&A,"Jun 30, 2014",,Non-equity Assistance,"$10,000,000",Series A,"$10,464,859","$10,464,859",2,4,Was Acquired,Private,,,,
Electronic Arts,https://www.crunchbase.com/organization/electronicarts,"Consumer Electronics, Gaming, Hardware, Software","Redwood City, California, United States","Electronic Arts delivers games, content, and online services for internet-connected consoles, PCs, mobile phones, and tablets.","8,679","Jan 1, 1982",Active,,For Profit,,,1,1,,1,2,5001-10000,2,IPO,"Dec 1, 1982","$2,000,000",Series A,"$2,000,000",Series A,"$2,200,000","$2,200,000",1,4,Made Acquisitions,Public,"Oct 6, 1989",,,
Borqs,https://www.crunchbase.com/organization/borqs,"Internet Services, Media and Entertainment, Mobile, Platforms, Software","Beijing, Beijing, China",Borqs International Holding Company is a high-tech company providing intelligent terminal software and end-to-end service platforms.,"8,730","Sep 1, 2007",Active,,,,,,,,,2,501-1000,6,M&A,"Mar 13, 2017","$10,000,000",Series E,"$10,000,000",Series E,"$51,972,725","$51,972,725",4,8,Was Acquired,Private,,,,
Cell Design Labs,https://www.crunchbase.com/organization/cell-design-labs,"Biotechnology, Health Care, Science and Engineering","San Francisco, California, United States",Cell Design Labs is a biotherapeutics company,"8,974",2015,Active,,For Profit,,,,,,,3,11-50,1,M&A,"Jun 2, 2016","$34,400,000",Venture - Series Unknown,"$34,400,000",Venture - Series Unknown,"$34,400,000","$34,400,000",1,5,Was Acquired,Private,,,,
Atara Biotherapeutics,https://www.crunchbase.com/organization/atara-biotherapeutics,"Biotechnology, Health Care, Science and Engineering","Thousand Oaks, California, United States",Atara Biotherapeutics is a drug development company focused on developing innovative therapies for patients with debilitating diseases.,"9,254",2012,Active,,,,,,,,,1,11-50,5,IPO,"Jan 13, 2014","$6,311,156",Venture - Series Unknown,"$6,311,156",Venture - Series Unknown,"$61,819,204","$61,819,204",2,7,,Public,"Oct 24, 2014",,,
Storenvy,https://www.crunchbase.com/organization/storenvy,"Commerce and Shopping, Internet Services, Media and Entertainment, Software","San Francisco, California, United States","Storenvy, a community of online stores, provides an e-commerce network enabling users to shop across multiple stores.","9,528","Aug 1, 2010",Active,,,,,,,,,3,11-50,2,M&A,"Feb 12, 2013","$5,000,000",Series A,"$5,000,000",Series A,"$6,525,000","$6,525,000",3,11,Was Acquired,Private,,,,
Alta Devices,https://www.crunchbase.com/organization/alta-devices,"Energy, Manufacturing, Mobile, Natural Resources, Sustainability","Sunnyvale, California, United States",Alta Devices manufactures solar photovoltaic applications for mobile devices that enable the conversion of light into electricity.,"9,676",2007,Active,,,,,,,,,2,51-100,1,M&A,"Mar 9, 2011","$72,000,000",Private Equity,"$72,000,000",Private Equity,"$72,000,000","$72,000,000",,7,Was Acquired,Private,,,,
OUYA,https://www.crunchbase.com/organization/ouya,"Consumer Electronics, Gaming, Hardware, Media and Entertainment","Los Angeles, California, United States",OUYA develops and delivers open video game consoles for televisions.,"9,801","Mar 23, 2012",Active,,For Profit,,,,,,,2,11-50,3,M&A,"Jan 29, 2015","$10,000,000",Venture - Series Unknown,"$10,000,000",Venture - Series Unknown,"$25,000,000","$33,600,000",2,8,Was Acquired,Private,,,,
Choose Energy,https://www.crunchbase.com/organization/choose-energy,"Energy, Information Technology","San Francisco, California, United States",Choose Energy is an internet utilities search engine that allows the user to find and compare prices.,"9,882",Oct 1998,Active,,For Profit,,,,,,,1,11-50,4,M&A,"Mar 15, 2015","$14,200,000",Series C,"$14,200,000",Series C,"$25,700,000","$25,700,000",3,9,"Made Acquisitions, Was Acquired",Private,,,,
Invuity,https://www.crunchbase.com/organization/invuity,"Biotechnology, Health Care, Science and Engineering","San Francisco, California, United States",Invuity develops illumination and visualization products for minimally invasive surgical field applications.,"10,221",2004,Active,,For Profit,,,,,,,2,11-50,7,IPO,"Feb 13, 2015","$20,000,000",Private Equity,"$20,000,000",Private Equity,"$106,999,999","$106,999,999",4,6,,Public,"Jun 15, 2015",,"$207,000,000","$47,800,000"
Apcera,https://www.crunchbase.com/organization/apcera,"Hardware, Information Technology, Internet Services, Privacy and Security, Software","San Francisco, California, United States",The Apcera cloud platform helps enterprises innovate at speed with full confidence and trust.,"10,261","Mar 1, 2012",Active,,For Profit,,,,,,,1,101-250,3,M&A,"Sep 23, 2014",,Venture - Series Unknown,,Venture - Series Unknown,"$7,200,000","$7,200,000",,5,Was Acquired,Private,,,,
Apperian,https://www.crunchbase.com/organization/apperian,"Mobile, Platforms, Software","Boston, Massachusetts, United States",Apperian is the mobile app management (MAM®) company.,"10,773",2009,Active,,For Profit,,,,,,,3,51-100,6,M&A,"Sep 9, 2015","$12,000,000",Series C,"$12,000,000",Series C,"$39,400,000","$39,400,000",3,7,Was Acquired,Private,,,,
Fleksy,https://www.crunchbase.com/organization/fleksy,"Hardware, Information Technology, Mobile, Software","San Francisco, California, United States",Fleksy is a software keyboard designed to support fast typing on smartphones.,"11,125","May 18, 2011",Active,,For Profit,,,,,,,2,11-50,3,M&A,"Oct 28, 2014","$2,000,000",Venture - Series Unknown,"$2,000,000",Venture - Series Unknown,"$5,900,000","$5,900,000",,9,Was Acquired,Private,,,,
41st Parameter,https://www.crunchbase.com/organization/41st-parameter,"Commerce and Shopping, Privacy and Security","San Jose, California, United States",41st Parameter provides solutions to reduce fraud losses to make the internet a safer place to conduct business.,"11,385",2004,Active,,,,,,,,,1,51-100,5,M&A,"Apr 11, 2012","$13,000,000",Series D,"$13,000,000",Series D,"$42,414,570","$42,414,570",3,7,Was Acquired,Private,,,,
Segway,https://www.crunchbase.com/organization/segway,"Hardware, Manufacturing, Science and Engineering, Software, Transportation","Bedford, New Hampshire, United States","Segway develops and manufactures a personal transporter, a two-wheeled and self-balancing electric vehicle.","11,526",2001,Active,,For Profit,,,,,,,,11-50,4,M&A,"Apr 16, 2009","$40,000",Venture - Series Unknown,"$40,000",Venture - Series Unknown,"$166,040,000","$166,040,000",,3,Was Acquired,Private,,,,
Wello,https://www.crunchbase.com/organization/wello,"Education, Health Care, Sports","San Francisco, California, United States",Wello is an online platform offering live fitness training over two-way video.,"11,557",2011,Active,,For Profit,,,,,,,2,1-10,3,M&A,"Jan 8, 2013",,Seed,,Seed,"$1,000,000","$1,000,000",,9,Was Acquired,Private,,,,
Orexigen Therapeutics,https://www.crunchbase.com/organization/orexigen-therapeutics,"Biotechnology, Health Care, Science and Engineering","La Jolla, California, United States",Orexigen Therapeutics is a biopharmaceutical company focused on the treatment of obesity.,"11,638",2002,Active,,For Profit,,,,,,,1,51-100,5,IPO,"Mar 29, 2016","$165,000,000",Post-IPO Equity,"$165,000,000",Post-IPO Equity,"$301,000,000","$301,000,000",3,10,,Public,"Apr 26, 2007",,,"$84,000,000"
Clean Power Finance,https://www.crunchbase.com/organization/clean-power-finance,"Energy, Financial Services, Sustainability","San Francisco, California, United States",Clean Power Finance offers an online B2B marketplace that connects the solar industry with financing opportunities and solar sales software.,"11,866",2007,Active,,For Profit,,,,,,,2,51-100,5,M&A,"Sep 1, 2014",,Secondary Market,,Series C,"$65,600,000","$65,600,000",4,7,Was Acquired,Private,,,,
EdeniQ,https://www.crunchbase.com/organization/edeniq,"Agriculture and Farming, Biotechnology, Energy, Science and Engineering","Omaha, Nebraska, United States",Edeniq is a biomaterials and sustainable fuels innovator processing low-cost cellulosic sugars and ethanol.,"12,020",2008,Active,,,,,,,,,1,51-100,9,M&A,"Jun 19, 2017","$5,000,000",Venture - Series Unknown,"$5,000,000",Venture - Series Unknown,"$115,670,000","$123,670,000",6,17,Was Acquired,Private,,,,
Crescendo Bioscience,https://www.crunchbase.com/organization/crescendo-bioscience,"Biotechnology, Health Care, Science and Engineering","South San Francisco, California, United States",Crescendo Bioscience develops diagnostic tools to provide rheumatologists with clinical insights to autoimmune and inflammatory disease.,"12,136",2002,Active,,For Profit,,,,,,,2,51-100,6,M&A,"Jan 3, 2013","$28,000,000",Series D,"$28,000,000",Series D,"$141,682,003","$166,682,003",5,5,Was Acquired,Private,,,,
Flexus Biosciences,https://www.crunchbase.com/organization/flexus-biosciences,"Biotechnology, Health Care, Science and Engineering","San Carlos, California, United States",Flexus is a privately-held biopharmaceutical company focused on the creation,"12,282",2013,Active,,For Profit,,,,,,,1,11-50,3,M&A,"Mar 20, 2015","$15,200,000",Venture - Series Unknown,"$15,200,000",Venture - Series Unknown,"$66,200,000","$66,200,000",1,3,Was Acquired,Private,,,,
NuVasive,https://www.crunchbase.com/organization/nuvasive,"Biotechnology, Health Care, Science and Engineering","San Diego, California, United States",NuVasive is a medical device company developing minimally disruptive surgical products and procedurally integrated solutions for the spine.,"12,532",1997,Active,,,,,,,,,1,1001-5000,3,IPO,"Oct 19, 2011","$40,462,984",Post-IPO Equity,"$40,462,984",Post-IPO Equity,"$65,262,984","$65,262,984",,5,Made Acquisitions,Public,"May 13, 2004",,"$253,000,000","$71,500,000"
iPierian,https://www.crunchbase.com/organization/ipierian,"Biotechnology, Health Care, Science and Engineering","South San Francisco, California, United States","iPierian is a drug discovery platform that develops therapies for neurodegenerative diseases such as SMA, ALS, and Parkinson’s.","12,860",2007,Active,,,,,,,,,2,11-50,5,M&A,"Sep 4, 2013","$30,000,000",Venture - Series Unknown,"$30,000,000",Venture - Series Unknown,"$76,969,000","$80,669,000",3,8,"Made Acquisitions, Was Acquired",Private,,,,
PiCloud,https://www.crunchbase.com/organization/picloud,"Internet Services, Software","San Francisco, California, United States","PiCloud provides batch processing, high performance computing, and scientific computing solutions to their clients.","13,168",2009,Active,,,,,,,,,2,11-50,1,M&A,"Nov 8, 2010","$1,400,000",Seed,"$1,400,000",Seed,"$1,400,000","$1,400,000",,4,Was Acquired,Private,,,,
Navigenics,https://www.crunchbase.com/organization/navigenics,"Biotechnology, Community and Lifestyle, Health Care, Science and Engineering","Foster City, California, United States",Navigenics is a personal genomics company that uses genetic testing to help people determine their individual risk for health conditions.,"13,301",2006,Active,,For Profit,,,,,,,2,11-50,2,M&A,"Feb 4, 2010","$18,000,000",Series C,"$18,000,000",Series C,"$43,000,000","$43,000,000",2,5,Was Acquired,Private,,,,
Spinal Modulation,https://www.crunchbase.com/organization/spinal-modulation,"Biotechnology, Health Care, Science and Engineering","Menlo Park, California, United States",Spinal Modulation is a medical device company developing spinal cord neurostimulator systems for the treatment of chronic intractable pain.,"13,465",2004,Active,,,,,,,,,1,51-100,5,M&A,"Jun 7, 2013","$45,000,000",Series E,"$45,000,000",Series E,"$109,400,000","$111,270,388",1,10,Was Acquired,Private,,,,
Cooliris,https://www.crunchbase.com/organization/cooliris,"Content and Publishing, Information Technology, Internet Services, Media and Entertainment, Messaging and Telecommunications, Mobile","San Francisco, California, United States",Cooliris develops visually immersive media and communication experiences for mobile and web consumers.,"13,528",2006,Active,,,,,,,,,3,11-50,3,M&A,"Feb 14, 2011","$9,600,000",Series C,"$9,600,000",Series C,"$28,100,000","$28,100,000",1,4,Was Acquired,Private,,,,
Luvocracy,https://www.crunchbase.com/organization/luvocracy,"Commerce and Shopping, Internet Services","San Francisco, California, United States",Luvocracy is a social marketplace allowing individuals to buy products recommended by their friends.,"14,244",2011,Active,,,,,,,,,2,11-50,1,M&A,"May 16, 2013","$11,000,000",Series A,"$11,000,000",Series A,"$11,000,000","$11,000,000",1,9,Was Acquired,Private,,,,
Hara,https://www.crunchbase.com/organization/hara,"Energy, Internet Services, Software, Sustainability","San Mateo, California, United States",Hara offers a cloud-based enterprise software platform for energy and sustainability management.,"14,342",2008,Active,,,,,,,,,3,51-100,3,M&A,"May 17, 2011","$25,000,000",Series C,"$25,000,000",Series C,"$45,000,000","$45,000,000",3,6,Was Acquired,Private,,,,
Fixmo,https://www.crunchbase.com/organization/fixmo,"Information Technology, Privacy and Security","Toronto, Ontario, Canada","Fixmo is a mobile risk management company that helps organizations identify, mitigate and manage risks associated with mobile deployment.","14,385","Jul 1, 2009",Active,,,,,,,,,2,501-1000,5,M&A,"Jan 22, 2013",,Venture - Series Unknown,,Venture - Series Unknown,"$31,000,000","$31,000,000",2,11,"Made Acquisitions, Was Acquired",Private,,,,
GMZ Energy,https://www.crunchbase.com/organization/gmz-energy,"Energy, Sustainability","Waltham, Massachusetts, United States",GMZ Energy develops thermoelectric energy conversion technology for cooling and power applications.,"14,396",2006,Active,,,,,,,,,2,11-50,4,M&A,"Sep 30, 2014","$1,437,803",Debt Financing,"$4,500,000",Venture - Series Unknown,"$25,500,000","$26,937,803",1,5,Was Acquired,Private,,,,
Oculeve,https://www.crunchbase.com/organization/oculeve,"Biotechnology, Health Care, Science and Engineering","San Francisco, California, United States",Oculeve is a biotech company focused on developing novel treatments for dry eye.,"14,426",2011,Active,,,,,,,,,,11-50,4,M&A,"Mar 16, 2014","$16,649,997",Venture - Series Unknown,"$16,649,997",Venture - Series Unknown,"$31,805,473","$32,305,473",,2,Was Acquired,Private,,,,
ngmoco,https://www.crunchbase.com/organization/ngmoco,"Gaming, Mobile, Platforms, Software","San Francisco, California, United States",ngmoco is a U.S.-based publisher of video games for iOS and Android platforms.,"15,224","Jun 26, 2008",Active,,,,,,,,,5,251-500,4,M&A,"Aug 11, 2010","$5,000,000",Venture - Series Unknown,"$5,000,000",Venture - Series Unknown,"$44,800,000","$44,800,000",4,5,"Made Acquisitions, Was Acquired",Private,,,,
Stoke,https://www.crunchbase.com/organization/stoke,"Hardware, Mobile, Privacy and Security","Santa Clara, California, United States",Stoke develops carrier-class mobile broadband gateway solutions for the session-based mobile networks.,"15,325",2004,Active,,For Profit,,,,,,,,51-100,11,M&A,"Feb 2, 2014","$2,658,139",Venture - Series Unknown,"$2,658,139",Venture - Series Unknown,"$122,609,480","$122,609,480",6,12,Was Acquired,Private,,,,
Epizyme,https://www.crunchbase.com/organization/epizyme,"Biotechnology, Health Care, Science and Engineering","Cambridge, Massachusetts, United States",Epizyme is a biopharmaceutical company focusing on treatments for blood cancer and tumors.,"15,551",2007,Active,,For Profit,,,,,,,2,51-100,5,IPO,"Feb 12, 2014","$10,000,000",Post-IPO Equity,"$10,000,000",Post-IPO Equity,"$61,500,000","$61,500,000",3,9,,Public,"May 30, 2013",,"$400,000,000","$88,700,000"
Kovio,https://www.crunchbase.com/organization/kovio,"Consumer Electronics, Hardware, Manufacturing, Science and Engineering","San Jose, California, United States",Kovio develops semiconductor products based on printed silicon electronics and thin film technology.,"16,200",2001,Active,,,,,,,,,3,51-100,7,M&A,"Jan 2, 2013","$5,000,000",Debt Financing,"$7,000,100",Venture - Series Unknown,"$87,000,100","$92,000,100",2,15,Was Acquired,Private,,,,
MapMyIndia,https://www.crunchbase.com/organization/mapmyindia,"Apps, Commerce and Shopping, Information Technology, Mobile, Navigation and Mapping, Software","New Delhi, Delhi, India",MapMyIndia is one of India's leading mapping data companies and also runs a consumer portal as an outlet for this.,"16,383",1992,Active,,For Profit,,,1,1,,,1,501-1000,3,M&A,"Feb 15, 2009","$9,000,000",Series C,"$9,000,000",Series C,"$34,000,000","$34,000,000",1,4,"Made Acquisitions, Was Acquired",Private,,,,
MiaSolé,https://www.crunchbase.com/organization/miasole,"Energy, Natural Resources, Sustainability","Santa Clara, California, United States",MiaSolé is a solar energy company developing and selling Copper Indium Gallium Selenide thin film photovoltaic panels.,"16,564",2001,Active,,,,,,,,,1,501-1000,6,M&A,"Mar 7, 2012","$55,000,000",Debt Financing,"$100,000,000",Series F,"$200,400,000","$255,400,000",2,8,Was Acquired,Private,,,,
aboutLife,https://www.crunchbase.com/organization/aboutlife,"Data and Analytics, Financial Services","San Francisco, California, United States",Get expert answers to your retirement questions.,"17,135",2013,Active,,For Profit,,,,,,,2,1-10,2,M&A,"Sep 30, 2015","$3,000,000",Series A,"$3,000,000",Series A,"$3,000,000","$3,000,000",,1,Was Acquired,Private,,,,
Zagat,https://www.crunchbase.com/organization/zagat,"Commerce and Shopping, Content and Publishing, Food and Beverage, Media and Entertainment","New York, New York, United States","Zagat is a web and smartphone app providing access to ratings and reviews for restaurants, nightspots and hotels worldwide.","17,634",1979,Active,,For Profit,,,1,1,,1,,101-250,1,M&A,"Feb 15, 2000","$31,000,000",Venture - Series Unknown,"$31,000,000",Venture - Series Unknown,"$31,000,000","$31,000,000",1,6,Was Acquired,Private,,,,
EdgeSpring,https://www.crunchbase.com/organization/edgespring,Data and Analytics,"San Mateo, California, United States",EdgeSpring is a business intelligence platform providing visual analytics and business intelligence solutions.,"17,740","Jul 1, 2010",Active,,,,,,,,,2,11-50,2,M&A,"May 17, 2013","$11,000,000",Series A,"$11,000,000",Series A,"$12,700,000","$12,700,000",2,2,Was Acquired,Private,,,,
CAR Inc.,https://www.crunchbase.com/organization/china-auto-rental-holdings,"Commerce and Shopping, Transportation","Beijing, Beijing, China",CAR Inc. is a provider of car rental services.,"18,461","Sep 1, 2007",Active,,For Profit,,,1,2,1,1,1,,3,IPO,"Jul 1, 2012","$200,000,000",Private Equity,"$200,000,000",Private Equity,"$350,535,885","$350,535,885",2,3,,Public,"Sep 19, 2014",,,"$467,000,000"
Karma,https://www.crunchbase.com/organization/karma,"Commerce and Shopping, Mobile","San Francisco, California, United States",Karma Automotive is a social gifting app.,"18,528",2011,Active,,,,,,,,,2,11-50,3,M&A,"Nov 18, 2013",,Convertible Note,,Venture - Series Unknown,,"$2,304,999",,8,Was Acquired,Private,,,,
Katango,https://www.crunchbase.com/organization/katango,"Internet Services, Media and Entertainment","Palo Alto, California, United States",Katango develops social algorithms that improve people’s online social interaction and experiences.,"19,028",2010,Active,,For Profit,,,,,,,4,1-10,1,M&A,"Oct 21, 2010","$5,000,000",Series A,"$5,000,000",Series A,"$5,000,000","$5,000,000",,2,Was Acquired,Private,,,,
Celladon,https://www.crunchbase.com/organization/celladon,"Biotechnology, Health Care, Science and Engineering","La Jolla, California, United States",Celladon is a biotechnology company developing molecular therapies for the treatment of heart failure.,"19,280",2000,Active,,For Profit,,,,,,,1,11-50,13,M&A,"Nov 18, 2015","$39,500,000",Post-IPO Equity,"$39,500,000",Post-IPO Equity,"$163,766,190","$172,013,496",4,16,Was Acquired,Public,"Jan 31, 2014",,"$138,000,000","$44,000,000"
OptiMedica,https://www.crunchbase.com/organization/optimedica,"Biotechnology, Health Care, Science and Engineering","Santa Clara, California, United States",OptiMedica Corporation develops performance-driven technologies for ophthalmologists in transforming their existing standards of care.,"19,701",2004,Active,,,,,,,,,1,10001+,5,M&A,"May 10, 2013","$35,000,000",Series E,"$35,000,000",Series E,"$85,035,886","$85,035,886",3,4,Was Acquired,Private,,,,
Lehigh Technologies,https://www.crunchbase.com/organization/lehigh-technologies,"Manufacturing, Science and Engineering","Tucker, Georgia, United States","Lehigh Technologies is a specialty materials company that manufactures high-performance, lower cost, sustainable micronized rubber powders.","19,985",2003,Active,,,,,,,,,1,51-100,6,M&A,"Sep 3, 2014","$8,000,000",Venture - Series Unknown,"$8,000,000",Venture - Series Unknown,"$81,500,000","$88,000,000",5,7,Was Acquired,Private,,,,
Accumetrics,https://www.crunchbase.com/organization/accumetrics,"Biotechnology, Health Care, Science and Engineering","San Diego, California, United States","Accumetrics develops VerifyNow System, a suite of assays used in assessing the platelet function.","20,368",1996,Active,,,,,,,,,1,501-1000,9,M&A,"Aug 30, 2013","$6,000,001",Private Equity,"$6,000,001",Private Equity,"$80,161,584","$110,640,483",1,16,Was Acquired,Private,,,,
Emu Messenger,https://www.crunchbase.com/organization/emu-chat,"Artificial Intelligence, Data and Analytics, Information Technology, Internet Services, Messaging and Telecommunications, Mobile, Platforms, Science and Engineering, Software","Palo Alto, California, United States",Emu Messanger is an app for Android with a built-in assistant offering information and suggestions based on the users' personal interests.,"21,282","Feb 26, 2012",Active,,,,,,,,,2,1-10,1,M&A,"Jan 28, 2013","$1,500,000",Seed,"$1,500,000",Seed,"$1,500,000","$1,500,000",,4,Was Acquired,Private,,,,
UpWind Solutions,https://www.crunchbase.com/organization/upwind-solutions,"Energy, Professional Services","San Diego, California, United States","UpWind Solutions offers third party asset management, operation and maintenance services to the North American wind energy industry.","22,839","Sep 1, 2007",Active,,,,,,,,,1,251-500,5,M&A,"Aug 3, 2012","$10,000,000",Private Equity,"$10,000,000",Private Equity,"$45,300,000","$45,300,000",1,3,"Made Acquisitions, Was Acquired",Private,,,,
RGB Networks,https://www.crunchbase.com/organization/rgb-networks,"Content and Publishing, Media and Entertainment, Transportation, Video","Sunnyvale, California, United States",RGB Networks provides network video processing solutions for multiscreen IP video delivery.,"24,154",2003,Active,,For Profit,,,,,,,2,101-250,4,M&A,"Oct 21, 2010","$20,000,001",Venture - Series Unknown,"$20,000,001",Venture - Series Unknown,"$72,000,001","$72,000,001",2,6,Was Acquired,Private,,,,
Pixtronix,https://www.crunchbase.com/organization/pixtronix,"Consumer Electronics, Hardware, Mobile, Software","Wilmington, Massachusetts, United States",Pixtronix is a technology company that develops display technologies optimized for multimedia devices.,"25,873",2005,Active,,,,,,,,,1,10001+,6,M&A,"Jun 23, 2011","$4,000,000",Debt Financing,"$19,000,000",Venture - Series Unknown,"$46,700,000","$53,700,000",3,4,Was Acquired,Private,,,,
Glori Energy,https://www.crunchbase.com/organization/glori-energy,"Energy, Natural Resources, Sustainability","Houston, Texas, United States",Glori Energy is a tech company that offers AERO System to recover barrels of oil trapped in reservoirs to increase oil production.,"26,993",2005,Closed,"Mar 24, 2017",For Profit,,,,,,,2,11-50,5,IPO,"Jan 24, 2012","$20,000,000",Series C,"$20,000,000",Series C,"$43,017,000","$43,017,000",,6,,Public,"Apr 16, 2014",,,
vLine,https://www.crunchbase.com/organization/vline,"Hardware, Information Technology, Internet Services, Messaging and Telecommunications, Software","Palo Alto, California, United States",vLine offers a WebRTC video chat platform that enables SaaS-based companies to add customized video chat to their sites.,"27,619","Dec 1, 2010",Active,,,,,,,,,2,11-50,1,M&A,"Mar 1, 2012","$1,500,000",Seed,"$1,500,000",Seed,"$1,500,000","$1,500,000",,2,Was Acquired,Private,,,,
TherOx,https://www.crunchbase.com/organization/therox,Health Care,"Irvine, California, United States",TherOx is a medical device company dedicated to elevate the standard of care for heart attack patients.,"29,459",1994,Active,,For Profit,,,,,,,,11-50,5,IPO,"Aug 10, 2015","$16,806,247",Post-IPO Equity,"$16,806,247",Post-IPO Equity,"$46,806,247","$57,075,746",1,4,,Delisted,"Sep 4, 2008",,,
Madhouse Media,https://www.crunchbase.com/organization/madhouse-media,"Advertising, Sales and Marketing","Shanghai, Shanghai, China",Madhouse is a one-stop mobile marketing service provider focused on mobile advertisements and applications.,"31,228",2004,Active,,,,,,,,,2,51-100,5,M&A,"Jan 1, 2013",,Venture - Series Unknown,,Venture - Series Unknown,"$8,800,000","$8,800,000",,5,Was Acquired,Private,,,,
WildBlue,https://www.crunchbase.com/organization/wildblue,"Hardware, Internet Services, Mobile","Englewood, Colorado, United States",WildBlue offers high-speed internet access via satellite for home or small businesses in rural America.,"31,713",1999,Active,,For Profit,,,1,1,,,3,1001-5000,6,M&A,"Sep 3, 2008","$50,000,000",Private Equity,"$50,000,000",Private Equity,"$343,000,000","$693,000,000",6,11,Was Acquired,Private,,,,
Spatial Photonics,https://www.crunchbase.com/organization/spatial-photonics,"Data and Analytics, Hardware, Software","Sunnyvale, California, United States",Spatial Photonics is a developer of microdisplays for business and consumer projection display applications.,"31,772",2004,Active,,,,,,,,,,1-10,4,M&A,"Mar 25, 2010","$6,200,000",Debt Financing,"$15,289,278",Venture - Series Unknown,"$49,289,278","$55,489,278",1,4,Was Acquired,Private,,,,
Verdiem,https://www.crunchbase.com/organization/verdiem,"Energy, Software, Sustainability","Seattle, Washington, United States","Verdiem provides enterprise-class IT energy management and efficiency solutions for PCs, Macs and Cisco energywise devices.","32,598",2001,Active,,,,,,,,,1,11-50,8,M&A,"Jan 4, 2010","$4,712,968",Venture - Series Unknown,"$4,712,968",Venture - Series Unknown,"$38,997,968","$38,997,968",1,7,Was Acquired,Private,,,,
Pelago,https://www.crunchbase.com/organization/pelago,"Commerce and Shopping, Mobile, Software","Seattle, Washington, United States","Pelago offers Whrrl v2.0, an app that enables people to capture and share moments, as they happen, in story form.","32,697","Dec 1, 2005",Active,,,,,,,,,2,11-50,3,M&A,"May 27, 2008","$15,000,000",Series B,"$15,000,000",Series B,"$22,400,000","$22,400,000",1,7,Was Acquired,Private,,,,
Ausra,https://www.crunchbase.com/organization/ausra,"Energy, Natural Resources, Sustainability","Mountain View, California, United States",Ausra develops utility scale solar technologies.,"32,912",1999,Active,,For Profit,,,,,,,4,51-100,4,M&A,"Apr 22, 2009","$25,500,000",Venture - Series Unknown,"$25,500,000",Venture - Series Unknown,"$93,300,000","$123,300,000",3,5,Was Acquired,Private,,,,
Extreme Networks,https://www.crunchbase.com/organization/extreme-networks,"Consumer Electronics, Hardware, Information Technology","San Jose, California, United States","Extreme Networks delivers the best wired/wireless networking experience for your staff, customers, and users.","33,820",1996,Active,,For Profit,,,1,1,,1,3,1001-5000,2,IPO,"May 8, 1997","$12,300,000",Series B,"$12,300,000",Series B,"$17,300,000","$17,300,000",1,4,Made Acquisitions,Public,"Apr 9, 1999",,"$813,492,670","$119,000,000"
Ocarina Networks,https://www.crunchbase.com/organization/ocarina-networks,"Hardware, Internet Services, Software","San Jose, California, United States",Ocarina provides online storage optimization solutions that enable companies to reduce their storage footprint and increase system capacity.,"34,946","Feb 1, 2007",Active,,,,,,,,,,11-50,3,M&A,"Nov 23, 2009","$3,000,000",Venture - Series Unknown,"$3,000,000",Venture - Series Unknown,"$34,300,000","$34,300,000",3,3,Was Acquired,Private,,,,
Yardbarker Network,https://www.crunchbase.com/organization/yardbarker,"Internet Services, Media and Entertainment, Sports","New York, New York, United States",Yardbarker Network is a sports blogging community.,"35,349",Mar 2006,Active,,For Profit,,,,,,,4,1-10,5,M&A,"Sep 8, 2009","$1,500,000",Venture - Series Unknown,"$1,500,000",Venture - Series Unknown,"$8,334,000","$8,334,000",2,11,Was Acquired,Private,,,,
Xcellerex,https://www.crunchbase.com/organization/xcellerex,"Biotechnology, Health Care, Manufacturing, Science and Engineering","Marlborough, Massachusetts, United States",Biomanufacturing Solutions,"36,737",2002,Active,,,,,,,,,1,51-100,5,M&A,"Jan 28, 2011","$1,956,000",Debt Financing,"$31,000,000",Series C,"$48,550,000","$50,506,000",2,2,Was Acquired,Private,,,,
Silecs,https://www.crunchbase.com/organization/sylecs,"Hardware, Manufacturing, Science and Engineering","Espoo, Southern Finland, Finland","Silecs manufactures electronic and optical materials for semiconductors, image sensors and displays.","38,057",2000,Active,,,,,,,,,1,11-50,4,M&A,"May 18, 2011","$16,000,000",Series E,"$16,000,000",Series E,"$37,570,000","$37,570,000",2,6,Was Acquired,Private,,,,
Manzuo.com,https://www.crunchbase.com/organization/manzuo-com,"Advertising, Commerce and Shopping, Sales and Marketing","Beijing, Beijing, China",Manzuo.com is a group-buying website in China providing marketing services for local life service providers and commodity suppliers.,"40,683",Jan 2010,Active,,For Profit,,,,,,,1,5001-10000,3,M&A,"Jun 1, 2011","$25,000,000",Series B,"$25,000,000",Series B,"$45,000,000","$45,000,000",1,1,Was Acquired,Private,,,,
Placemark Investments,https://www.crunchbase.com/organization/placemark,Financial Services,"Addison, Texas, United States","Placemark Investments develops, implements, and supports wealth solutions,","40,715",1999,Active,,For Profit,,,,,,,,51-100,7,M&A,"Jul 23, 2009","$8,000,000",Series B,"$8,000,000",Series B,"$52,000,000","$52,000,000",2,8,Was Acquired,Private,,,,
iZumi Bio,https://www.crunchbase.com/organization/izumi-bio,"Biotechnology, Health Care, Science and Engineering","South San Francisco, California, United States","IZumi Bio, a biotechnology company, employs cellular reprograming for the development of stem cell-based therapeutics.","41,856",2007,Active,,,,,,,,,,11-50,1,M&A,"Apr 14, 2009","$20,000,000",Series A,"$20,000,000",Series A,"$20,000,000","$20,000,000",1,2,Was Acquired,Private,,,,
GC Holdings,https://www.crunchbase.com/organization/gc-holdings,"Consumer Electronics, Hardware, Manufacturing, Science and Engineering","Fremont, California, United States","GC Holdings is an, umbrella company of Gemfire Corporation.","43,437",2002,Active,,,,,1,1,1,,,1-10,5,M&A,"Aug 17, 2010","$500,000",Debt Financing,"$20,000,000",Venture - Series Unknown,"$20,000,000","$40,315,041",,1,Was Acquired,Private,,,,
AutoNavi,https://www.crunchbase.com/organization/autonavi,"Information Technology, Software, Transportation","Haidian, Beijing, China",AutoNavi is a Chinese provider of digital map content and navigation solutions.,"43,955",2001,Active,,For Profit,,,,,,,1,1001-5000,1,M&A,"Oct 1, 2006","$40,000,000",Series A,"$40,000,000",Series A,"$40,000,000","$40,000,000",,7,Was Acquired,Public,"Jul 1, 2010",,"$2,278,725,000","$107,812,500"
SpikeSource,https://www.crunchbase.com/organization/spikesource,"Information Technology, Software","Mountain View, California, United States",SpikeSource is an open source software certification company providing ISVs with resources that ensure interoperability and performance.,"44,550",2004,Active,,,,,,,,,,51-100,3,M&A,"Apr 7, 2008","$20,000,000",Series C,"$20,000,000",Series C,"$56,000,000","$56,000,000",3,6,Was Acquired,Private,,,,
VeriSign,https://www.crunchbase.com/organization/verisign-2,"Information Technology, Internet Services","Bluemont, Virginia, United States","Verisign operates the infrastructure for the .com, .net, .tv, .cc, .name, .jobs, .edu and .gov top-level domains.","46,203",1995,Active,,For Profit,,,12,14,5,9,1,1001-5000,4,IPO,"Nov 1, 1996","$29,000,000",Series C,"$29,000,000",Series C,"$39,311,110","$39,311,110",3,15,Made Acquisitions,Public,"Jan 30, 1998",,"$282,117,416","$42,000,000"
Infinera Corporation,https://www.crunchbase.com/organization/infinera,Hardware,"Sunnyvale, California, United States",Infinera Corporation provides optical networking systems based on photonic integration technology in the United States.,"50,916",2000,Active,,For Profit,,,,,,,1,1001-5000,7,IPO,"Feb 24, 2006","$37,000,000",Series G,"$37,000,000",Series G,"$249,300,000","$249,300,000",1,15,Made Acquisitions,Public,"Jun 15, 2007",,"$1,080,776,294","$182,000,000"
Leo,https://www.crunchbase.com/organization/leo-app,"Apps, Information Technology, Internet Services, Messaging and Telecommunications, Software","San Francisco, California, United States",Leo offers a disappearing messaging app and ultra-lightweight platform for one-on-one and group conversations on iOS and Android devices.,"64,557","Sep 1, 2013",Active,,For Profit,,,,,,,2,1-10,1,M&A,"Oct 1, 2013","$1,500,000",Seed,"$1,500,000",Seed,"$1,500,000","$1,500,000",,12,Was Acquired,Private,,,,
Blue Nile,https://www.crunchbase.com/organization/blue-nile,"Commerce and Shopping, Consumer Goods","Seattle, Washington, United States","Blue Nile is an online retailer selling certified diamonds, engagement rings and fine jewelry.","66,242",1999,Active,,For Profit,,,,,,,2,251-500,3,IPO,"Jul 23, 2001","$7,000,000",Series C,"$7,000,000",Series C,"$55,000,000","$55,000,000",1,6,,Public,"May 20, 2004",,"$355,495,400","$76,670,000"
ArcSight,https://www.crunchbase.com/organization/arcsight-inc,Privacy and Security,"Palo Alto, California, United States",ArcSight provides security and compliance management solutions that identify and mitigate business risk for enterprises.,"66,335",2000,Active,,For Profit,,,,,,,3,10001+,3,M&A,"Jun 30, 2006","$2,975,000",Series C,"$2,975,000",Series C,"$26,914,000","$26,914,000",,5,Was Acquired,Delisted,"Feb 14, 2008","Sep 13, 2010",,"$61,750,000"
Vertica Systems,https://www.crunchbase.com/organization/vertica-systems,"Data and Analytics, Software","Billerica, Massachusetts, United States",Vertica Systems develops data management solutions for storing databases and allowing clients to conduct real-time and ad hoc queries.,"67,698",2005,Active,,,,,,,,,2,,3,M&A,"Feb 14, 2007","$16,500,000",Series B,"$16,500,000",Series B,"$30,500,000","$30,500,000",2,4,Was Acquired,Private,,,,
RPX Corporation,https://www.crunchbase.com/organization/rpx-corporation,"Financial Services, Professional Services","San Francisco, California, United States","RPX Corporation provides patent risk, defensive buying, acquisition syndication, patent intelligence, insurance and advisory services.","70,330",2008,Active,,,,,,,,,2,51-100,2,IPO,"Jul 22, 2009",,Series B,,Series B,,,,3,Made Acquisitions,Public,"May 4, 2011",,"$1,096,000,000","$160,100,000"
XenSource,https://www.crunchbase.com/organization/xensource,"Hardware, Information Technology, Software","Palo Alto, California, United States","XenSource manages cloud, server and desktop virtual infrastructures to optimize datacenters and automate management processes.","75,622",2004,Active,,,,,,,,,4,5001-10000,3,M&A,"Oct 31, 2006","$15,000,000",Series C,"$15,000,000",Series C,"$38,000,000","$38,000,000",2,6,Was Acquired,Private,,,,
Kodiak Networks,https://www.crunchbase.com/organization/kodiak-networks,"Hardware, Information Technology, Internet Services, Messaging and Telecommunications, Mobile","Plano, Texas, United States",Kodiak Networks provides wireless operators with mobile solutions that promote community-based communication.,"79,313",2001,Active,,,,,,,,,2,251-500,3,M&A,"Jun 1, 2008",,Series C,,Series C,"$25,549,000","$25,549,000",2,4,Was Acquired,Private,,,,
Fortify Software,https://www.crunchbase.com/organization/fortify-software,Software,"San Mateo, California, United States",Fortify Software offers security assurance solutions that address the threats posed by security flaws in business-critical software apps.,"82,588","Oct 1, 2002",Active,,,,,,,,,1,,3,M&A,"Nov 1, 2007",,Series E,,Series E,"$19,000,000","$19,000,000",2,2,"Made Acquisitions, Was Acquired",Private,,,,
Ketera,https://www.crunchbase.com/organization/ketera,"Data and Analytics, Software","San Jose, California, United States",Ketera is a SaaS-based spend management solutions provider with a network of 900000 buyers and suppliers.,"85,445",1983,Active,,For Profit,,,,,,,1,251-500,4,M&A,"Jan 8, 2007","$14,000,000",Series E,"$14,000,000",Series E,"$47,141,000","$47,141,000",1,8,Was Acquired,Private,,,,
Upromise,https://www.crunchbase.com/organization/upromise,"Education, Financial Services, Sales and Marketing","Newton, Massachusetts, United States",Upromise is a U.S. loyalty program that provides credit for college students and family members to make it easier to pay for college. ,"90,483",2000,Active,,,,,,,,,5,501-1000,1,M&A,"Jul 13, 2000","$34,000,000",Series A,"$34,000,000",Series A,"$34,000,000","$34,000,000",1,5,Was Acquired,Private,,,,
Veraz Networks,https://www.crunchbase.com/organization/veraz-networks,"Hardware, Internet Services, Mobile","Fort Lauderdale, Florida, United States",Veraz Networks provides voice infrastructure solutions for wireline and wireless service providers.,"93,202",2003,Active,,,,,0,0,0,,2,501-1000,2,M&A,"Feb 8, 2007","$10,000,000",Venture - Series Unknown,"$10,000,000",Venture - Series Unknown,"$40,000,000","$40,000,000",1,10,"Made Acquisitions, Was Acquired",Public,"Apr 5, 2007",,,
Corio,https://www.crunchbase.com/organization/corio,Software,"San Carlos, California, United States",Corio is an enterprise Application Service Provider (ASP) that deploys and manages enterprise applications from software vendors such as,"93,512",1998,Active,,,,,,,,,2,10001+,2,M&A,"Nov 9, 1999","$30,000,000",Series C,"$30,000,000",Series C,"$51,000,000","$51,000,000",2,8,"Made Acquisitions, Was Acquired",Public,"Jul 24, 2000",,,"$140,000,000"
Erly,https://www.crunchbase.com/organization/erly,"Internet Services, Media and Entertainment","Palo Alto, California, United States","Erly allows users to create a webpage for their event that brings together event information, invitations and a multimedia album.","94,717",2011,Active,,,,,,,,,1,1-10,1,M&A,"Aug 2, 2011",,Venture - Series Unknown,,Venture - Series Unknown,,,,1,Was Acquired,Private,,,,
HomeGrocer.com,https://www.crunchbase.com/organization/homegrocer-com,"Commerce and Shopping, Health Care","Lawrenceville, Georgia, United States",On-line grocery store offering high quality name brand food and non-food items delivered directly to customers’ homes.,"96,391",1997,Active,,For Profit,,,,,,,1,501-1000,1,M&A,"Nov 2, 1999","$100,000,000",Series D,"$100,000,000",Series D,"$100,000,000","$100,000,000",4,9,Was Acquired,Private,,,,
Studyplaces,https://www.crunchbase.com/organization/studyplaces,"Education, Internet Services, Software","New Delhi, Delhi, India",Studyplaces is a one-stop-shop education portal based in India.,"96,960","May 25, 2007",Active,,,,,,,,,1,101-250,1,M&A,"Jan 1, 2008","$3,000,000",Series A,"$3,000,000",Series A,"$3,000,000","$3,000,000",,3,Was Acquired,Private,,,,
Hire.com,https://www.crunchbase.com/organization/hire-com,"Professional Services, Software","Raleigh, North Carolina, United States",The online marketplace for outdoor activities.,"99,073",1997,Active,,,,,,,,,,501-1000,1,M&A,"Jan 13, 2000","$21,000,000",Venture - Series Unknown,"$21,000,000",Venture - Series Unknown,"$21,000,000","$21,000,000",1,8,Was Acquired,Private,,,,
Silicon Spice,https://www.crunchbase.com/organization/silicon-spice,"Hardware, Mobile, Software","Mountain View, California, United States","Silicon Spice, Inc. builds platform solutions that enable networking and telecom system companies to build differentiated access systems.","100,661",1997,Active,,For Profit,,,,,,,4,1-10,4,M&A,"Feb 15, 2000","$63,000,000",Series D,"$63,000,000",Series D,"$95,300,000","$95,300,000",,4,Was Acquired,Private,,,,
ChineseAll Digital Publishing,https://www.crunchbase.com/organization/chinese-online,"Content and Publishing, Media and Entertainment, Mobile","Beijing, Beijing, China","Chinese Online is focused on digital publishing and content for mobile phones, hand-held terminals, and the internet as well as other media.","103,355",2001,Active,,For Profit,,,,,,,,11-50,3,IPO,"Aug 1, 2010",,Venture - Series Unknown,,Venture - Series Unknown,"$6,500,000","$6,500,000",,5,,Public,"Jan 30, 2015",,,
Snapvine,https://www.crunchbase.com/organization/snapvine,"Information Technology, Internet Services, Media and Entertainment, Messaging and Telecommunications, Mobile, Music and Audio","Seattle, Washington, United States",Snapvine is a communications platform enabling people to leave voicemail messages online.,"104,956",2005,Active,,,,,,,,,1,11-50,2,M&A,"Sep 1, 2007","$10,000,000",Series B,"$10,000,000",Series B,"$12,000,000","$12,000,000",1,5,Was Acquired,Private,,,,
Visio Corporation,https://www.crunchbase.com/organization/visio-corporation,Software,"Seattle, Washington, United States","Visio Corporation supplied business drawing and diagramming software products. The company's primary products were Visio Standard, Visio","108,298",1989,Active,,,,,,,,,1,501-1000,3,M&A,"Mar 1, 1992","$3,500,000",Series B,"$3,500,000",Series B,"$4,420,000","$4,420,000",3,4,Was Acquired,Private,,,,
Asera,https://www.crunchbase.com/organization/asera,"Data and Analytics, Internet Services","Redwood City, California, United States","As of January 8, 2003, Asera, Inc. was acquired by SEEC, Inc. Asera, Inc. provides Internet solutions for the business-to-business chain.","110,002",1998,Active,,For Profit,,,,,,,,,5,M&A,"Aug 28, 2000","$115,000,000",Series C,"$115,000,000",Series C,"$167,400,000","$167,400,000",2,13,Was Acquired,Private,,,,
Xsigo Systems,https://www.crunchbase.com/organization/xsigo,"Data and Analytics, Hardware, Information Technology, Software","San Jose, California, United States",Xsigo offers data center I/O virtualization solutions that enable IT managers to reduce costs and optimize resource usage.,"112,706","Aug 1, 2004",Active,,For Profit,,,,,,,1,51-100,2,M&A,"Jan 1, 2011",,Venture - Series Unknown,,Venture - Series Unknown,,,,5,Was Acquired,Private,,,,
Visible Path,https://www.crunchbase.com/organization/visiblepath,"Consumer Electronics, Hardware, Internet Services, Media and Entertainment, Software","Foster City, California, United States",Visible Path is a business social network allowing users to organize and display their business contacts.,"113,310",2002,Active,,,,,,,,,,,3,M&A,"Mar 1, 2006","$17,000,000",Series B,"$17,000,000",Series B,"$28,400,000","$28,400,000",,4,Was Acquired,Private,,,,
Evant,https://www.crunchbase.com/organization/evant,"Apps, Software","San Francisco, California, United States","Evant Inc., a San Francisco-based provider of multi-channel planning and replinishment solutions","127,292",1994,Active,,For Profit,,,,,,,,11-50,2,M&A,"Jun 2, 2004","$15,000,000",Series C,"$15,000,000",Series C,"$27,000,000","$27,000,000",2,8,Was Acquired,Private,,,,
Dash Navigation,https://www.crunchbase.com/organization/dash,"Internet Services, Mobile, Navigation and Mapping","Sunnyvale, Texas, United States","Dash Navigation is the developer of Dash Express, an internet-enabled personal navigation device.","128,278",2003,Active,,For Profit,,,,,,,4,1-10,3,M&A,"Feb 1, 2008","$30,000,000",Series C,"$30,000,000",Series C,"$65,000,000","$65,000,000",1,10,Was Acquired,Private,,,,
Venustech,https://www.crunchbase.com/organization/venustech,"Information Technology, Privacy and Security","Beijing, Beijing, China","Venustech is a provider of network security products, trusted security management platforms, specialized security services, and solutions","129,705",1996,Active,,,,,,,,,,11-50,2,IPO,"Feb 1, 2008","$11,820,000",Series B,"$11,820,000",Series B,"$19,220,000","$19,220,000",,2,Made Acquisitions,Public,"Jul 2, 2010",,,
APTwater,https://www.crunchbase.com/organization/aptwater,"Natural Resources, Science and Engineering, Sustainability","Long Beach, California, United States","APTwater is a specialist in the treatment of difficult-to-treat water, wastewater and fluids by using advanced membranes and modules.","136,732",2009,Active,,,,,,,,,1,251-500,1,M&A,"Jul 31, 2009",,Venture - Series Unknown,,Venture - Series Unknown,,,,1,Was Acquired,Private,,,,
PeakStream,https://www.crunchbase.com/organization/peakstream,"Apps, Hardware, Software","Redwood City, California, United States",PeakStream provides a software application platform for the high-performance computing market.,"142,972",2005,Active,,,,,,,,,,1-10,2,M&A,"Sep 18, 2006","$17,000,000",Series B,"$17,000,000",Series B,"$22,000,000","$22,000,000",1,3,Was Acquired,Private,,,,
Quorum Systems,https://www.crunchbase.com/organization/quorum-systems,"Hardware, Manufacturing, Science and Engineering, Software","Carlsbad, California, United States",Quorum Systems is a fabless semiconductor company developing and delivering integrated single-chip CMOS radio frequency transceivers.,"145,147",2002,Active,,For Profit,,,,,,,,1-10,3,M&A,"Oct 25, 2006","$15,000,000",Series C,"$15,000,000",Series C,"$39,350,000","$39,350,000",3,4,Was Acquired,Private,,,,
LiveCapital,https://www.crunchbase.com/organization/livecapital,"Commerce and Shopping, Financial Services","San Mateo, California, United States",LiveCapital provides online small business financing.,"146,299",1996,Active,,For Profit,,,,,,,,,2,M&A,"Mar 17, 2003","$7,400,000",Series A,"$7,400,000",Series A,"$47,400,000","$47,400,000",1,10,Was Acquired,Private,,,,
Zaffire,https://www.crunchbase.com/organization/zaffire,"Commerce and Shopping, Transportation","San Jose, California, United States","Zaffire, Inc. is an innovative new optical networking company.","152,044",1998,Active,,For Profit,,,,,,,,,2,M&A,"Jun 7, 2000","$85,000,000",Series C,"$85,000,000",Series C,"$85,000,000","$85,000,000",1,16,Was Acquired,Private,,,,
SEEC,https://www.crunchbase.com/organization/seec,"Financial Services, Information Technology, Software","Pittsburgh, Pennsylvania, United States","Provides software solutions to insurance, healthcare, and financial services enterprises","152,416",1988,Active,,,,,,,,,,51-100,1,M&A,"Jan 10, 2003","$1,300,000",Venture - Series Unknown,"$1,300,000",Venture - Series Unknown,"$1,300,000","$1,300,000",,1,"Made Acquisitions, Was Acquired",Delisted,"Jan 22, 1997","Sep 30, 2008","$28,000,000","$13,050,000"
Virsa Systems,https://www.crunchbase.com/organization/virsa-systems,"Privacy and Security, Professional Services, Software","Boulevard, California, United States",Virsa Systems is a software company related to security and controls.,"166,855",1996,Active,,For Profit,,,,,,,1,101-250,1,M&A,"Jul 20, 2004","$15,000,000",Series A,"$15,000,000",Series A,"$15,000,000","$15,000,000",2,2,Was Acquired,Private,,,,
Oblix,https://www.crunchbase.com/organization/oblix,"Commerce and Shopping, Software","Cupertino, California, United States",Oblix develops identity-based security and provides web access management solutions for e-commerce networks.,"167,369",1996,Active,,,,,,,,,3,,7,M&A,"Sep 15, 2004",,Venture - Series Unknown,,Venture - Series Unknown,"$125,300,000","$125,300,000",2,20,"Made Acquisitions, Was Acquired",Private,,,,
Oakley Networks,https://www.crunchbase.com/organization/oakley-networks,"Information Technology, Privacy and Security, Software","Salt Lake City, Utah, United States",Oakley Networks develops specialized network security software for managing insider threat risks,"170,120",Mar 2002,Active,,For Profit,,,,,,,,51-100,3,M&A,"Oct 21, 2006","$12,000,000",Series B,"$12,000,000",Series B,"$44,790,000","$44,790,000",2,3,Was Acquired,Private,,,,
Good Technology (acquired by Visto),https://www.crunchbase.com/organization/good-technology-acquired-by-visto,"Apps, Software","Santa Clara, California, United States","Good Technology is a software company, provides the mobile e-mail applications.","171,798",Mar 2000,Active,,For Profit,,,,,,,3,,7,M&A,"Feb 27, 2006","$20,000,000",Series E,"$20,000,000",Series E,"$248,000,000","$248,000,000",3,13,Was Acquired,Private,,,,
Vividence,https://www.crunchbase.com/organization/vividence,"Information Technology, Software","San Mateo, California, United States",Vividence Corporation provides market information services and evaluation applications to e-businesses.,"177,139",1998,Active,,For Profit,,,,,,,,,2,M&A,"Sep 5, 2000",,Series D,,Series D,"$12,500,000","$12,500,000",1,3,Was Acquired,Private,,,,
"iolon, inc.",https://www.crunchbase.com/organization/iolon-inc,"Community and Lifestyle, Hardware, Manufacturing","San Jose, California, United States",A privately held optical networking components company.,"178,651",2000,Active,,For Profit,,,,,,,1,,3,M&A,"Apr 25, 2002","$9,000,000",Debt Financing,"$7,600,000",Series C,"$60,600,000","$69,600,000",1,21,Was Acquired,Private,,,,
Mobilygen,https://www.crunchbase.com/organization/mobilygen,"Hardware, Manufacturing, Science and Engineering, Software","Santa Clara, California, United States",Mobilygen Corporation is a fabless semiconductor company focused on developing multimedia processors.,"179,012",1998,Active,,For Profit,,,,,,,1,,5,M&A,"Nov 7, 2007","$9,000,000",Series E,"$9,000,000",Series E,"$43,700,000","$43,700,000",,7,Was Acquired,Private,,,,
ipVerse,https://www.crunchbase.com/organization/ipverse,"Information Technology, Manufacturing, Software","Sunnyvale, California, United States","ipVerse offers ControlSwitch, a software switch that focuses on increasing the quality of communications.","181,198",1998,Active,,For Profit,,,,,,,,,2,M&A,"Sep 18, 2000","$21,800,000",Series C,"$21,800,000",Series C,"$38,300,000","$38,300,000",2,3,Was Acquired,Private,,,,
Corthera,https://www.crunchbase.com/organization/corthera,"Biotechnology, Health Care, Science and Engineering","San Carlos, California, United States","Corthera is engaged in acquiring, developing and commercializing therapies for illnesses in the acute care setting.","185,126",2002,Active,,For Profit,,,,,,,,1-10,3,M&A,"Dec 20, 2007","$23,000,000",Series C,"$23,000,000",Series C,"$40,140,000","$40,140,000",,4,Was Acquired,Private,,,,
Teloquent Communications,https://www.crunchbase.com/organization/teloquent-communications,"Administrative Services, Hardware","Billerica, Massachusetts, United States","Teloquent Communications, a provider of virtual call center solutions for Web and conventional telephone-based customer interaction.","192,038",Jun 1989,Active,,For Profit,,,,,,,,,1,M&A,"Jun 8, 2000","$12,600,000",Venture - Series Unknown,"$12,600,000",Venture - Series Unknown,"$12,600,000","$12,600,000",1,7,Was Acquired,Private,,,,
CENiX,https://www.crunchbase.com/organization/cenix,"Hardware, Manufacturing, Mobile","Allentown, Pennsylvania, United States","CENiX, Inc. is a manufacturer of next generation high-speed optoelectronic interfaces.","192,132",Jun 2000,Active,,For Profit,,,,,,,,,3,M&A,"Oct 23, 2001","$34,000,000",Series B,"$34,000,000",Series B,"$59,500,000","$77,500,000",,9,Was Acquired,Private,,,,
Vertical Networks,https://www.crunchbase.com/organization/vertical-networks,"Financial Services, Hardware, Software","Sunnyvale, California, United States",Vertical Networks is a provider of distributed IP-PBX software and communications solutions to large enterprises.,"193,784",1996,Active,,For Profit,,,,,,,,,3,M&A,"Jun 23, 2001","$15,000,000",Series F,"$15,000,000",Series F,"$94,000,000","$94,000,000",1,14,Was Acquired,Private,,,,
Linuxcare,https://www.crunchbase.com/organization/linuxcare,"Education, Hardware, Internet Services, Manufacturing, Software","San Francisco, California, United States","Linuxcare provides professional, technical support, education, and product certification services for Linux.","204,983",1998,Active,,,,,,,,,2,501-1000,1,M&A,"Aug 3, 2000","$30,000,000",Series C,"$30,000,000",Series C,"$30,000,000","$30,000,000",1,9,Was Acquired,Private,,,,
Siara Systems,https://www.crunchbase.com/organization/siara-systems,"Hardware, Internet Services","Sunnyvale, California, United States",Siara Systems is a provider of next-generation IP over SONET solutions aimed at carrying both traditional and IP-based services.,"216,553",1998,Active,,For Profit,,,,,,,,,1,M&A,"May 6, 1999","$25,000,000",Series B,"$25,000,000",Series B,"$25,000,000","$25,000,000",,3,Was Acquired,Private,,,,
Pictos Technologies,https://www.crunchbase.com/organization/pictos-technologies,"Information Technology, Sales and Marketing, Software","Newport Beach, California, United States",Pictos Technologies offers digital imaging solutions that combine integrated semiconductors.,"240,697",2002,Active,,For Profit,,,,,,,,1-10,1,M&A,"Jul 31, 2002","$17,000,000",Series B,"$17,000,000",Series B,"$17,000,000","$17,000,000",1,6,Was Acquired,Private,,,,
MetaMatrix,https://www.crunchbase.com/organization/metamatrix-red-hat,"Information Technology, Software","Duluth, Georgia, United States",MetaMatrix is an U.S.-based technology company that created the first true Enterprise Information Integration (EII) software product.,"253,315",1998,Active,,For Profit,,,,,,,1,51-100,3,M&A,"Sep 1, 2004","$12,000,000",Series F,"$12,000,000",Series F,"$22,230,000","$22,230,000",,6,Was Acquired,Private,,,,
Icarian,https://www.crunchbase.com/organization/icarian-2,"Administrative Services, Internet Services","Sunnyvale, California, United States",A provider of Workforce eServices,"291,760",1997,Active,,For Profit,,,,,,,,11-50,2,M&A,"Nov 13, 2001","$24,000,000",Venture - Series Unknown,"$24,000,000",Venture - Series Unknown,"$79,000,000","$79,000,000",1,7,Was Acquired,Private,,,,
Viewpoint Digital,https://www.crunchbase.com/organization/viewpoint-digital,"Consumer Electronics, Design, Hardware, Software","Huddersfield, Kirklees, United Kingdom","Viewpoint designs, builds and sells 3D models to the computer graphics industry.","297,196",1988,Active,,For Profit,,,,,,,1,,2,M&A,"Feb 12, 1994","$13,000,000",Venture - Series Unknown,"$13,000,000",Venture - Series Unknown,"$15,000,000","$15,000,000",,4,Was Acquired,Private,,,,
Omniva Policy Systems,https://www.crunchbase.com/organization/omniva-policy-systems,"Information Technology, Internet Services, Messaging and Telecommunications, Privacy and Security, Software","San Francisco, California, United States",Omniva Policy Systems provides transparent and easy-to-use secure messaging policy solutions.,"344,671",1999,Active,,For Profit,,,,,,,,1-10,1,M&A,"Jun 27, 2003","$4,000,000",Series B,"$4,000,000",Series B,"$4,000,000","$4,000,000",1,3,Was Acquired,Private,,,,
Intersperse,https://www.crunchbase.com/organization/intersperse-inc,"Apps, Information Technology, Software","Pasadena, California, United States",Intersperse is a leading provider of management solutions for service-oriented enterprise applications.,"367,347",Mar 2000,Active,,For Profit,,,,,,,,,2,M&A,"Jul 18, 2003","$9,300,000",Series C,"$9,300,000",Series C,"$21,300,000","$21,300,000",,4,Was Acquired,Private,,,,
NexVerse Networks,https://www.crunchbase.com/organization/nexverse-networks,"Internet Services, Platforms, Software","San Jose, California, United States",NexVerse Networks Inc. supplies generation softswitch solutions based on the ipVerse ControlSwitch platform.,"400,574",Oct 2001,Active,,For Profit,,,,,,,,,1,M&A,"Dec 11, 2001","$15,000,000",Venture - Series Unknown,"$15,000,000",Venture - Series Unknown,"$15,000,000","$15,000,000",1,4,"Made Acquisitions, Was Acquired",Private,,,,
ServiceMaster Home Service Center,https://www.crunchbase.com/organization/servicemaster-home-service-center,Real Estate,"Downers Grove, Illinois, United States","ServiceMaster Home Service Center is an online service, allowing homeowners to schedule and purchase repairs and maintenance services.","543,420",2000,Active,,For Profit,,,,,,,,,1,M&A,"Jan 31, 2001","$15,000,000",Venture - Series Unknown,"$15,000,000",Venture - Series Unknown,"$15,000,000","$15,000,000",,2,Was Acquired,Private,,,,
